Date,InvoNo,CustomerKey,Amount
20180402,AP1803827,A1067,836
20180403,AP1808235,A1129,836
20180404,AP1807305,A1133,836
20180405,AP1806145,A0464,836
20180405,AP1803092,A0383,836
20180405,AP1808187,A0949,836
20180406,AP1804369,A0525,836
20180406,AP1800269,A0961,836
20180406,AP1801477,A1212,836
20180410,AP1808060,A1165,836
20180410,AP1805404,A0732,836
20180411,AP1805516,A0887,836
20180411,AP1804997,A0567,836
20180411,AP1806802,A0852,836
20180413,AP1804780,A0471,836
20180413,AP1805003,A1358,836
20180416,AP1807762,A1092,836
20180416,AP1807314,A0480,836
20180417,AP1809169,A0356,836
20180417,AP1802638,A0887,836
20180417,AP1803129,A0431,836
20180417,AP1800833,A1068,836
20180419,AP1802350,A1265,836
20180419,AP1805630,A0474,836
20180423,AP1803579,A0514,836
20180423,AP1805469,A1068,836
20180423,AP1803281,A0963,836
20180424,AP1805194,A0529,836
20180425,AP1804330,A1132,836
20180425,AP1807799,A1260,836
20180427,AP1800240,A0959,836
20180427,AP1801768,A0578,836
20180427,AP1807880,A0801,836
20180501,MA1805123,A0609,836
20180501,MA1805807,A1100,836
20180501,MA1808684,A0696,836
20180501,MA1801741,A0408,836
20180502,MA1806288,A0932,836
20180502,MA1803675,A0376,836
20180502,MA1803780,A1153,836
20180503,MA1803861,A0681,836
20180503,MA1804172,A0803,836
20180504,MA1806874,A0852,836
20180504,MA1804342,A0708,836
20180504,MA1801705,A0670,836
20180507,MA1803431,A1343,836
20180507,MA1808375,A0946,836
20180508,MA1801053,A1410,836
20180509,MA1808792,A1215,836
20180509,MA1804316,A1123,836
20180509,MA1800178,A1018,836
20180509,MA1807717,A1338,836
20180510,MA1805362,A1271,836
20180511,MA1808806,A1011,836
20180511,MA1800285,A0943,836
20180511,MA1804233,A1178,836
20180514,MA1805763,A0673,836
20180514,MA1808208,A0584,836
20180515,MA1801864,A0427,836
20180515,MA1806324,A0826,836
20180516,MA1806138,A1319,836
20180517,MA1802406,A0785,836
20180522,MA1804593,A0913,836
20180523,MA1805173,A1241,836
20180523,MA1800220,A1270,836
20180524,MA1805042,A0987,836
20180524,MA1806643,A0686,836
20180524,MA1803495,A0881,836
20180525,MA1800349,A1227,836
20180528,MA1802026,A1226,836
20180529,MA1808374,A0356,836
20180530,MA1802369,A1000,836
20180530,MA1804309,A1289,836
20180531,MA1801595,A0701,836
20180531,MA1806872,A0513,836
20180531,MA1807138,A1271,836
20180601,JU1804426,A1307,836
20180601,JU1801270,A1138,836
20180604,JU1805284,A0922,836
20180607,JU1806274,A0951,836
20180607,JU1807343,A0411,836
20180607,JU1800095,A1260,836
20180608,JU1803553,A1058,836
20180608,JU1806405,A0574,836
20180611,JU1801196,A0977,836
20180611,JU1807356,A0578,836
20180611,JU1801967,A1067,836
20180612,JU1806396,A0953,836
20180613,JU1805617,A0943,836
20180613,JU1801428,A1334,836
20180613,JU1808260,A1079,836
20180613,JU1809051,A1299,836
20180614,JU1801525,A0792,836
20180614,JU1802374,A1270,836
20180615,JU1801124,A0505,836
20180619,JU1808405,A0408,836
20180619,JU1802726,A1214,836
20180619,JU1805998,A1119,836
20180620,JU1802331,A0671,836
20180621,JU1804937,A0835,836
20180625,JU1800325,A0582,836
20180626,JU1806122,A0887,836
20180626,JU1807637,A0464,836
20180626,JU1803375,A0749,836
20180627,JU1800485,A0918,836
20180627,JU1809089,A1295,836
20180627,JU1801589,A1229,836
20180628,JU1804549,A1300,836
20180628,JU1803649,A0792,836
20180628,JU1807246,A0582,836
20180628,JU1803973,A1225,836
20180629,JU1806713,A0835,836
20180629,JU1802003,A1258,836
20180629,JU1804350,A0561,836
20180629,JU1807736,A0530,836
20180730,JU1801867,A0632,836
20180731,JU1804547,A1050,836
20180801,AU1801613,A0900,836
20180801,AU1803757,A0821,836
20180801,AU1807385,A0720,836
20180802,AU1808480,A1139,836
20180802,AU1808472,A0842,836
20180802,AU1805628,A0561,836
20180803,AU1800003,A1209,836
20180806,AU1807503,A1029,836
20180806,AU1802783,A1054,836
20180806,AU1808457,A1378,836
20180807,AU1800224,A0659,836
20180807,AU1800459,A0828,836
20180807,AU1805487,A1406,836
20180808,AU1804963,A0642,836
20180808,AU1807272,A0977,836
20180809,AU1804399,A0781,836
20180809,AU1807299,A1226,836
20180809,AU1805246,A1181,836
20180810,AU1806571,A0790,836
20180813,AU1807809,A1185,836
20180813,AU1807447,A0542,836
20180814,AU1807896,A1130,836
20180814,AU1807395,A0422,836
20180815,AU1803711,A1406,836
20180816,AU1801904,A0798,836
20180816,AU1808707,A0593,836
20180817,AU1803029,A1255,836
20180817,AU1806022,A0586,836
20180817,AU1808413,A0462,836
20180817,AU1800161,A0403,836
20180820,AU1808852,A1067,836
20180820,AU1801337,A0815,836
20180820,AU1802335,A0610,836
20180821,AU1805192,A1278,836
20180821,AU1805972,A0893,836
20180822,AU1802104,A1378,836
20180822,AU1806822,A1162,836
20180823,AU1806543,A1186,836
20180823,AU1808683,A0507,836
20180823,AU1808541,A1362,836
20180824,AU1808255,A1212,836
20180827,AU1804552,A0442,836
20180828,AU1808166,A0463,836
20180828,AU1806465,A0632,836
20180828,AU1805050,A0470,836
20180829,AU1806678,A1079,836
20180830,AU1808479,A0681,836
20180903,SE1805830,A1210,836
20180903,SE1801892,A0892,836
20180903,SE1805190,A1284,836
20180903,SE1809108,A1402,836
20180903,SE1801164,A0559,836
20180904,SE1805508,A1188,836
20180905,SE1808478,A0640,836
20180905,SE1806316,A0496,836
20180907,SE1800286,A1278,836
20180907,SE1800237,A0557,836
20180907,SE1808114,A1029,836
20180910,SE1809014,A1190,836
20180910,SE1802529,A0660,836
20180911,SE1800154,A0745,836
20180911,SE1807986,A0445,836
20180912,SE1807617,A1348,836
20180912,SE1808011,A0945,836
20180912,SE1804606,A0845,836
20180913,SE1801298,A0507,836
20180914,SE1802490,A1164,836
20180914,SE1800316,A1036,836
20180917,SE1801417,A0945,836
20180918,SE1803349,A0856,836
20180919,SE1805046,A0470,836
20180920,SE1806215,A0880,836
20180920,SE1804894,A0919,836
20180920,SE1804289,A1226,836
20180920,SE1805611,A0892,836
20180921,SE1808514,A1029,836
20180924,SE1804331,A1132,836
20180924,SE1803514,A0365,836
20180924,SE1803628,A0835,836
20180925,SE1807850,A1208,836
20180925,SE1804163,A0704,836
20180926,SE1803488,A0842,836
20180928,SE1801151,A0900,836
20181002,OC1804988,A0496,836
20181005,OC1809249,A0534,836
20180402,AP1807543,A0578,418
20180402,AP1807604,A0445,418
20180403,AP1800170,A1211,418
20180403,AP1804136,A0576,418
20180404,AP1807700,A1350,418
20180404,AP1801899,A1353,418
20180404,AP1801588,A0601,418
20180404,AP1808519,A0382,418
20180405,AP1807831,A1385,418
20180406,AP1805489,A0695,418
20180406,AP1808347,A0703,418
20180409,AP1802107,A0961,418
20180410,AP1807950,A1297,418
20180410,AP1805785,A0761,418
20180412,AP1801607,A0567,418
20180412,AP1805672,A1178,418
20180413,AP1803435,A0953,418
20180413,AP1803792,A0515,418
20180413,AP1800883,A1204,418
20180416,AP1808157,A1278,418
20180416,AP1806423,A0705,418
20180417,AP1804651,A1073,418
20180418,AP1803830,A0961,418
20180419,AP1805706,A1161,418
20180419,AP1803481,A0531,418
20180419,AP1801780,A0944,418
20180419,AP1804275,A0824,418
20180420,AP1807452,A0542,418
20180423,AP1808851,A0375,418
20180423,AP1803027,A1372,418
20180423,AP1801043,A0842,418
20180423,AP1803078,A0583,418
20180424,AP1803690,A0815,418
20180424,AP1802561,A0944,418
20180425,AP1805197,A1337,418
20180427,AP1802584,A1378,418
20180430,AP1802498,A1169,418
20180430,AP1804175,A0892,418
20180501,MA1805422,A0431,418
20180502,MA1800148,A0401,418
20180508,MA1804321,A0424,418
20180509,MA1803248,A0542,418
20180509,MA1804756,A1345,418
20180514,MA1801776,A1159,418
20180514,MA1804544,A1349,418
20180515,MA1808070,A0949,418
20180515,MA1801829,A1067,418
20180516,MA1807282,A1413,418
20180516,MA1809189,A0534,418
20180517,MA1804783,A0369,418
20180517,MA1804715,A0726,418
20180517,MA1800413,A0816,418
20180518,MA1803705,A1413,418
20180518,MA1800860,A1214,418
20180518,MA1804223,A1057,418
20180522,MA1801900,A0387,418
20180523,MA1804674,A1410,418
20180523,MA1804627,A0762,418
20180529,MA1802890,A0786,418
20180529,MA1804865,A0431,418
20180529,MA1801101,A0763,418
20180530,MA1807024,A0684,418
20180530,MA1804146,A1265,418
20180530,MA1807043,A1290,418
20180530,MA1807733,A1187,418
20180531,MA1806456,A0743,418
20180531,MA1808639,A1265,418
20180601,JU1808970,A1390,418
20180604,JU1804421,A1221,418
20180604,JU1802121,A0454,418
20180604,JU1801398,A0930,418
20180604,JU1801161,A1225,418
20180605,JU1807423,A0807,418
20180605,JU1809251,A0643,418
20180606,JU1803398,A1100,418
20180607,JU1800157,A1226,418
20180608,JU1805649,A1204,418
20180608,JU1800442,A0616,418
20180611,JU1803336,A0681,418
20180612,JU1808609,A1208,418
20180612,JU1800633,A0587,418
20180613,JU1804205,A0389,418
20180613,JU1807347,A1183,418
20180613,JU1803214,A0693,418
20180613,JU1801188,A0955,418
20180613,JU1800750,A1153,418
20180613,JU1802367,A0629,418
20180614,JU1800007,A0738,418
20180614,JU1807900,A0603,418
20180614,JU1804505,A0988,418
20180614,JU1805232,A0574,418
20180614,JU1801323,A0760,418
20180615,JU1804721,A0878,418
20180615,JU1808381,A0808,418
20180618,JU1809156,A0610,418
20180618,JU1806613,A0557,418
20180619,JU1807221,A0797,418
20180619,JU1800642,A1137,418
20180619,JU1800625,A1381,418
20180619,JU1807283,A0709,418
20180620,JU1802427,A1002,418
20180620,JU1803812,A0801,418
20180621,JU1806366,A1188,418
20180621,JU1806976,A0472,418
20180622,JU1802463,A0990,418
20180622,JU1807790,A1323,418
20180625,JU1800073,A1050,418
20180626,JU1806847,A1083,418
20180626,JU1800119,A1184,418
20180626,JU1802540,A0457,418
20180627,JU1800790,A0701,418
20180627,JU1804786,A0659,418
20180628,JU1801928,A0903,418
20180730,JU1802787,A0377,418
20180801,AU1802483,A0459,418
20180801,AU1806980,A1237,418
20180802,AU1800515,A0915,418
20180802,AU1804213,A1295,418
20180802,AU1808826,A1214,418
20180803,AU1805556,A1320,418
20180803,AU1806918,A0552,418
20180806,AU1807558,A0982,418
20180806,AU1804003,A0881,418
20180808,AU1803786,A0781,418
20180808,AU1806789,A0852,418
20180809,AU1809255,A0934,418
20180809,AU1802914,A0419,418
20180810,AU1802501,A1325,418
20180810,AU1808611,A1203,418
20180810,AU1802368,A1065,418
20180810,AU1800623,A0890,418
20180813,AU1807184,A0982,418
20180814,AU1801920,A1331,418
20180814,AU1800354,A0529,418
20180814,AU1800547,A0826,418
20180814,AU1807502,A0821,418
20180814,AU1809138,A1305,418
20180815,AU1806349,A0445,418
20180815,AU1806728,A1302,418
20180815,AU1809166,A0747,418
20180817,AU1805223,A1147,418
20180817,AU1807549,A0377,418
20180817,AU1805853,A1416,418
20180817,AU1803347,A1215,418
20180820,AU1801187,A0822,418
20180821,AU1807845,A0905,418
20180822,AU1807269,A0473,418
20180822,AU1804099,A0893,418
20180823,AU1802045,A0744,418
20180823,AU1807572,A0703,418
20180824,AU1803858,A1358,418
20180824,AU1802733,A1348,418
20180824,AU1809285,A0550,418
20180824,AU1802923,A0681,418
20180827,AU1805077,A1306,418
20180828,AU1807781,A1337,418
20180829,AU1803610,A1415,418
20180830,AU1805300,A1178,418
20180830,AU1807581,A0567,418
20180831,AU1801954,A1202,418
20180831,AU1808712,A0601,418
20180903,SE1800480,A0965,418
20180903,SE1803310,A1020,418
20180904,SE1808242,A0893,418
20180905,SE1802925,A1255,418
20180906,SE1802843,A0494,418
20180907,SE1805943,A0932,418
20180907,SE1801389,A0993,418
20180913,SE1803255,A1193,418
20180913,SE1807104,A1320,418
20180914,SE1807779,A0705,418
20180914,SE1805957,A1313,418
20180914,SE1801100,A0810,418
20180917,SE1801310,A0864,418
20180917,SE1803426,A0895,418
20180917,SE1809352,A1237,418
20180918,SE1801803,A0473,418
20180918,SE1802848,A0515,418
20180919,SE1803419,A0724,418
20180920,SE1800889,A1098,418
20180921,SE1802634,A0569,418
20180921,SE1802639,A1100,418
20180921,SE1800460,A0583,418
20180924,SE1806994,A0739,418
20180924,SE1802596,A1182,418
20180924,SE1807868,A0429,418
20180924,SE1807769,A0529,418
20180924,SE1807979,A0879,418
20180925,SE1807787,A1300,418
20180925,SE1807875,A0472,418
20180926,SE1809183,A1366,418
20180926,SE1807056,A1101,418
20180926,SE1801317,A1062,418
20180927,SE1804571,A0738,418
20180927,SE1804484,A0954,418
20180927,SE1802039,A1282,418
20180927,SE1803916,A1216,418
20180927,SE1800824,A0801,418
20181002,OC1808708,A0944,418
20180402,AP1800417,A1184,971.52
20180403,AP1803591,A1265,971.52
20180403,AP1803817,A0387,971.52
20180403,AP1806657,A0861,971.52
20180403,AP1803937,A0436,971.52
20180405,AP1807448,A1260,971.52
20180405,AP1800601,A1346,971.52
20180405,AP1805783,A0351,971.52
20180405,AP1800026,A0387,971.52
20180406,AP1805174,A0352,971.52
20180409,AP1803747,A0943,971.52
20180411,AP1800521,A1032,971.52
20180411,AP1808584,A1129,971.52
20180411,AP1800603,A1153,971.52
20180411,AP1809377,A0380,971.52
20180417,AP1804084,A0610,971.52
20180417,AP1806361,A0513,971.52
20180417,AP1805076,A0724,971.52
20180418,AP1801328,A1397,971.52
20180418,AP1806132,A0731,971.52
20180420,AP1802636,A1280,971.52
20180420,AP1804622,A0743,971.52
20180423,AP1802627,A0602,971.52
20180423,AP1805784,A0994,971.52
20180427,AP1807676,A0665,971.52
20180427,AP1802184,A1305,971.52
20180502,MA1801774,A1367,971.52
20180503,MA1807734,A0640,971.52
20180503,MA1802762,A0892,971.52
20180504,MA1804634,A0408,971.52
20180504,MA1808183,A0773,971.52
20180508,MA1808228,A1237,971.52
20180508,MA1804199,A0792,971.52
20180509,MA1807313,A0704,971.52
20180509,MA1800878,A0963,971.52
20180510,MA1800654,A0471,971.52
20180514,MA1804692,A1035,971.52
20180515,MA1800848,A0371,971.52
20180515,MA1801757,A0519,971.52
20180515,MA1803713,A1065,971.52
20180517,MA1808296,A0886,971.52
20180517,MA1802464,A1128,971.52
20180518,MA1802362,A1063,971.52
20180521,MA1808298,A1089,971.52
20180522,MA1801211,A0545,971.52
20180522,MA1804057,A0633,971.52
20180522,MA1808173,A1092,971.52
20180523,MA1801773,A1187,971.52
20180523,MA1800636,A1161,971.52
20180524,MA1805168,A0602,971.52
20180524,MA1806772,A1120,971.52
20180528,MA1805702,A0466,971.52
20180528,MA1808269,A1408,971.52
20180528,MA1804644,A0811,971.52
20180528,MA1807649,A0937,971.52
20180529,MA1808397,A1047,971.52
20180529,MA1807739,A0480,971.52
20180530,MA1808703,A1153,971.52
20180530,MA1806504,A0655,971.52
20180530,MA1802982,A1226,971.52
20180530,MA1807934,A0745,971.52
20180601,JU1801993,A1297,971.52
20180601,JU1803820,A0743,971.52
20180601,JU1801376,A1124,971.52
20180604,JU1802649,A0978,971.52
20180605,JU1804570,A1161,971.52
20180605,JU1806886,A0506,971.52
20180606,JU1802699,A0862,971.52
20180606,JU1808701,A0697,971.52
20180607,JU1806524,A0678,971.52
20180607,JU1805704,A0403,971.52
20180607,JU1801555,A1057,971.52
20180611,JU1807042,A1230,971.52
20180612,JU1803612,A1296,971.52
20180612,JU1803933,A1125,971.52
20180613,JU1806172,A1409,971.52
20180615,JU1800495,A1316,971.52
20180615,JU1805959,A0684,971.52
20180615,JU1803288,A0731,971.52
20180618,JU1804318,A0385,971.52
20180618,JU1802408,A0802,971.52
20180618,JU1805903,A0773,971.52
20180618,JU1803273,A0616,971.52
20180619,JU1803465,A0942,971.52
20180619,JU1800266,A0615,971.52
20180619,JU1804165,A0963,971.52
20180620,JU1800920,A0427,971.52
20180620,JU1805792,A0470,971.52
20180620,JU1807472,A0470,971.52
20180621,JU1802841,A1015,971.52
20180621,JU1808084,A0815,971.52
20180622,JU1800573,A1065,971.52
20180625,JU1800265,A0679,971.52
20180626,JU1806469,A0404,971.52
20180626,JU1806433,A1094,971.52
20180626,JU1804847,A0761,971.52
20180627,JU1802755,A0865,971.52
20180627,JU1802365,A1277,971.52
20180628,JU1802880,A0919,971.52
20180628,JU1808831,A0813,971.52
20180628,JU1808691,A0522,971.52
20180629,JU1803752,A1329,971.52
20180629,JU1805348,A0505,971.52
20180629,JU1808294,A1215,971.52
20180801,AU1806873,A1309,971.52
20180801,AU1802599,A1370,971.52
20180803,AU1800537,A0802,971.52
20180806,AU1800203,A0785,971.52
20180806,AU1800926,A1002,971.52
20180806,AU1807321,A1208,971.52
20180806,AU1800446,A0452,971.52
20180807,AU1804734,A1064,971.52
20180807,AU1802984,A0930,971.52
20180808,AU1800685,A0429,971.52
20180808,AU1808545,A0982,971.52
20180809,AU1803832,A1193,971.52
20180810,AU1800184,A0578,971.52
20180810,AU1804652,A0756,971.52
20180810,AU1800127,A0754,971.52
20180813,AU1804919,A1120,971.52
20180814,AU1800979,A1135,971.52
20180814,AU1804411,A0466,971.52
20180814,AU1800008,A1027,971.52
20180814,AU1800787,A0641,971.52
20180814,AU1800036,A0458,971.52
20180815,AU1800141,A0701,971.52
20180816,AU1808259,A1385,971.52
20180816,AU1809256,A0429,971.52
20180816,AU1808154,A0773,971.52
20180817,AU1801537,A1149,971.52
20180817,AU1800593,A1252,971.52
20180817,AU1806236,A0796,971.52
20180820,AU1808952,A0892,971.52
20180820,AU1802391,A1255,971.52
20180821,AU1808911,A0681,971.52
20180821,AU1805996,A0934,971.52
20180821,AU1803856,A1357,971.52
20180822,AU1802036,A1092,971.52
20180823,AU1803278,A1197,971.52
20180824,AU1803183,A0873,971.52
20180824,AU1805697,A1056,971.52
20180827,AU1800277,A0610,971.52
20180828,AU1802935,A1287,971.52
20180830,AU1806281,A0370,971.52
20180830,AU1808623,A1285,971.52
20180831,AU1806528,A0589,971.52
20180831,AU1805540,A0745,971.52
20180831,AU1806979,A0679,971.52
20180831,AU1807328,A0593,971.52
20180904,SE1805843,A0383,971.52
20180904,SE1808927,A0709,971.52
20180904,SE1807078,A0878,971.52
20180904,SE1807318,A1221,971.52
20180905,SE1807140,A1390,971.52
20180905,SE1808876,A0657,971.52
20180910,SE1808476,A1212,971.52
20180911,SE1804703,A0673,971.52
20180913,SE1802021,A1305,971.52
20180913,SE1804207,A0385,971.52
20180913,SE1805353,A0408,971.52
20180913,SE1802557,A1416,971.52
20180914,SE1806738,A0464,971.52
20180914,SE1807858,A1313,971.52
20180914,SE1804479,A1232,971.52
20180917,SE1807018,A0624,971.52
20180917,SE1807630,A0861,971.52
20180918,SE1808641,A1118,971.52
20180920,SE1805206,A0783,971.52
20180920,SE1808901,A0545,971.52
20180920,SE1802213,A0783,971.52
20180920,SE1803908,A1369,971.52
20180921,SE1803686,A1203,971.52
20180921,SE1802306,A1054,971.52
20180925,SE1803240,A0731,971.52
20180926,SE1803138,A0499,971.52
20180927,SE1802528,A1073,971.52
20180927,SE1806537,A0738,971.52
20180927,SE1803737,A1065,971.52
20180928,SE1807916,A0929,971.52
20180101,JA1803995,A0620,411.4
20180102,JA1805224,A0937,411.4
20180102,JA1802973,A1371,411.4
20180103,JA1801416,A0799,411.4
20180103,JA1808935,A0802,411.4
20180104,JA1801653,A0990,411.4
20180104,JA1803326,A1353,411.4
20180105,JA1805474,A0350,411.4
20180108,JA1808812,A0864,411.4
20180108,JA1804303,A1301,411.4
20180110,JA1801003,A0422,411.4
20180111,JA1805252,A0890,411.4
20180111,JA1803899,A0414,411.4
20180112,JA1801779,A1206,411.4
20180112,JA1805974,A0471,411.4
20180112,JA1804925,A0686,411.4
20180115,JA1804575,A0679,411.4
20180115,JA1800081,A1092,411.4
20180115,JA1803771,A1277,411.4
20180116,JA1806704,A0746,411.4
20180116,JA1805004,A0382,411.4
20180117,JA1801083,A0356,411.4
20180117,JA1806108,A0464,411.4
20180117,JA1802663,A0701,411.4
20180118,JA1800116,A0806,411.4
20180119,JA1805550,A0897,411.4
20180122,JA1807586,A0550,411.4
20180123,JA1803244,A0864,411.4
20180123,JA1808871,A0870,411.4
20180123,JA1800305,A0890,411.4
20180123,JA1809358,A1370,411.4
20180123,JA1806065,A1167,411.4
20180123,JA1801620,A0906,411.4
20180124,JA1805178,A0928,411.4
20180124,JA1802340,A0357,411.4
20180124,JA1800113,A0884,411.4
20180125,JA1806183,A1035,411.4
20180125,JA1809266,A1305,411.4
20180126,JA1803829,A0743,411.4
20180126,JA1806216,A0923,411.4
20180126,JA1804686,A0990,411.4
20180126,JA1807644,A0953,411.4
20180129,JA1800969,A0704,411.4
20180130,JA1800503,A0886,411.4
20180130,JA1801275,A1319,411.4
20180130,JA1805502,A0583,411.4
20180131,JA1807611,A1089,411.4
20180131,JA1803603,A0690,411.4
20180201,FE1804341,A1059,411.4
20180201,FE1802637,A0670,411.4
20180202,FE1806426,A1367,411.4
20180202,FE1807290,A0387,411.4
20180202,FE1801300,A1225,411.4
20180205,FE1806832,A0512,411.4
20180205,FE1808139,A0574,411.4
20180205,FE1800715,A1239,411.4
20180206,FE1800929,A1065,411.4
20180207,FE1803070,A1133,411.4
20180207,FE1808747,A0550,411.4
20180207,FE1804077,A0530,411.4
20180207,FE1809047,A1240,411.4
20180207,FE1802518,A0531,411.4
20180208,FE1805335,A1142,411.4
20180208,FE1802355,A0387,411.4
20180209,FE1807985,A0472,411.4
20180214,FE1808147,A1307,411.4
20180215,FE1801703,A1055,411.4
20180215,FE1808785,A1331,411.4
20180215,FE1802279,A0473,411.4
20180216,FE1807600,A1410,411.4
20180220,FE1803911,A1296,411.4
20180220,FE1801709,A0763,411.4
20180221,FE1806169,A1118,411.4
20180222,FE1807970,A0393,411.4
20180222,FE1801614,A0632,411.4
20180222,FE1803920,A1413,411.4
20180226,FE1803057,A0764,411.4
20180226,FE1809364,A0982,411.4
20180226,FE1801668,A0557,411.4
20180227,FE1805629,A0720,411.4
20180228,FE1802731,A1297,411.4
20180228,FE1805518,A1343,411.4
20180228,FE1800482,A1163,411.4
20180301,MA1808382,A1195,411.4
20180301,MA1801760,A0940,411.4
20180301,MA1808132,A1178,411.4
20181102,NO1801712,A0791,411.4
20181102,NO1805652,A0716,411.4
20181105,NO1807370,A1067,411.4
20181105,NO1801134,A0548,411.4
20181107,NO1800168,A0637,411.4
20181107,NO1803671,A1162,411.4
20181107,NO1808211,A0427,411.4
20181108,NO1801770,A0824,411.4
20181108,NO1803198,A0514,411.4
20181109,NO1803213,A0611,411.4
20181109,NO1804364,A0506,411.4
20181112,NO1808912,A0978,411.4
20181113,NO1807988,A0616,411.4
20181113,NO1803770,A1313,411.4
20181115,NO1803280,A1358,411.4
20181115,NO1803988,A1343,411.4
20181115,NO1803132,A0463,411.4
20181115,NO1807100,A1002,411.4
20181119,NO1802893,A0587,411.4
20181119,NO1803789,A0407,411.4
20181120,NO1800268,A0642,411.4
20181120,NO1805158,A1186,411.4
20181120,NO1802143,A1381,411.4
20181121,NO1802064,A0731,411.4
20181121,NO1805931,A1208,411.4
20181122,NO1803889,A0642,411.4
20181126,NO1804158,A1215,411.4
20181126,NO1806451,A0499,411.4
20181126,NO1806735,A0472,411.4
20181126,NO1807439,A0496,411.4
20181127,NO1801859,A1387,411.4
20181127,NO1806378,A0941,411.4
20181129,NO1801752,A0427,411.4
20181129,NO1802068,A0388,411.4
20181130,NO1809105,A1197,411.4
20181203,DE1800543,A0470,411.4
20181203,DE1806720,A1410,411.4
20181205,DE1806549,A1193,411.4
20181205,DE1805070,A0458,411.4
20181205,DE1805461,A1020,411.4
20181206,DE1808817,A0582,411.4
20181206,DE1800709,A0678,411.4
20181207,DE1806906,A1129,411.4
20181210,DE1801249,A0464,411.4
20181211,DE1801552,A0406,411.4
20181211,DE1808959,A0693,411.4
20181211,DE1804526,A0743,411.4
20181211,DE1801068,A0883,411.4
20181212,DE1808630,A1329,411.4
20181212,DE1804025,A0990,411.4
20181212,DE1805829,A1228,411.4
20181213,DE1807434,A1410,411.4
20181214,DE1804299,A1002,411.4
20181217,DE1808652,A0495,411.4
20181218,DE1806402,A0965,411.4
20181219,DE1803883,A0686,411.4
20181219,DE1801670,A0786,411.4
20181219,DE1803810,A1345,411.4
20181219,DE1807722,A0633,411.4
20181220,DE1802673,A0695,411.4
20181220,DE1806835,A1332,411.4
20181220,DE1808367,A0795,411.4
20181220,DE1800619,A1311,411.4
20181220,DE1804959,A0574,411.4
20181220,DE1805522,A0673,411.4
20181221,DE1807147,A1049,411.4
20181221,DE1806715,A0709,411.4
20181221,DE1804105,A1286,411.4
20181224,DE1803090,A0607,411.4
20181224,DE1808644,A0385,411.4
20181224,DE1808452,A1092,411.4
20181224,DE1800304,A0821,411.4
20181224,DE1804144,A0836,411.4
20181224,DE1807967,A0937,411.4
20181224,DE1804322,A1164,411.4
20181225,DE1807707,A1249,411.4
20181225,DE1806489,A0758,411.4
20181225,DE1808797,A1307,411.4
20181226,DE1805477,A0744,411.4
20181227,DE1803922,A1264,411.4
20181227,DE1803405,A1371,411.4
20181227,DE1801784,A1076,411.4
20181227,DE1803738,A0704,411.4
20181228,DE1806063,A1409,411.4
20181231,DE1807236,A0372,411.4
20190101,JA1906514,A0531,411.4
20190101,JA1901506,A0426,411.4
20180102,JA1808698,A0983,946.176
20180104,JA1804885,A0798,946.176
20180105,JA1808017,A0824,946.176
20180110,JA1806428,A0365,946.176
20180110,JA1805553,A0819,946.176
20180110,JA1806519,A0616,946.176
20180110,JA1801941,A1255,946.176
20180111,JA1805696,A1408,946.176
20180111,JA1808024,A1357,946.176
20180111,JA1807136,A0399,946.176
20180112,JA1808270,A1307,946.176
20180115,JA1806725,A0659,946.176
20180116,JA1806107,A0890,946.176
20180117,JA1803668,A1060,946.176
20180117,JA1809286,A0380,946.176
20180117,JA1804346,A0355,946.176
20180118,JA1804096,A1204,946.176
20180118,JA1807884,A0422,946.176
20180119,JA1809316,A0494,946.176
20180122,JA1806474,A0927,946.176
20180123,JA1801118,A1361,946.176
20180123,JA1800940,A0422,946.176
20180125,JA1806468,A0363,946.176
20180126,JA1803991,A0459,946.176
20180129,JA1800600,A0385,946.176
20180129,JA1808829,A1334,946.176
20180130,JA1804938,A0659,946.176
20180201,FE1808773,A0643,946.176
20180202,FE1805560,A0754,946.176
20180205,FE1807368,A1202,946.176
20180206,FE1808905,A0822,946.176
20180207,FE1806899,A1183,946.176
20180207,FE1800299,A0601,946.176
20180207,FE1800124,A1193,946.176
20180208,FE1806095,A0673,946.176
20180208,FE1805030,A0505,946.176
20180208,FE1800959,A0495,946.176
20180209,FE1806621,A0990,946.176
20180212,FE1806893,A0738,946.176
20180212,FE1800211,A1168,946.176
20180213,FE1804662,A1361,946.176
20180214,FE1808788,A0726,946.176
20180214,FE1805563,A0377,946.176
20180214,FE1807663,A1297,946.176
20180215,FE1800843,A1133,946.176
20180215,FE1805656,A0452,946.176
20180219,FE1807142,A0905,946.176
20180220,FE1802242,A0601,946.176
20180220,FE1803039,A1292,946.176
20180221,FE1807399,A0589,946.176
20180221,FE1806096,A1193,946.176
20180222,FE1803196,A0435,946.176
20180223,FE1807327,A0816,946.176
20180223,FE1803948,A0835,946.176
20180226,FE1803216,A1202,946.176
20180226,FE1800013,A0686,946.176
20180228,FE1808733,A0678,946.176
20180228,FE1801659,A0994,946.176
20180228,FE1806128,A0673,946.176
20180301,MA1808600,A1204,946.176
20180301,MA1803452,A0408,946.176
20180302,MA1803395,A0716,946.176
20181101,NO1802823,A1059,946.176
20181101,NO1809158,A1419,946.176
20181102,NO1809065,A0660,946.176
20181105,NO1804709,A0743,946.176
20181105,NO1801940,A0990,946.176
20181106,NO1803409,A1163,946.176
20181106,NO1805712,A1353,946.176
20181106,NO1800531,A1139,946.176
20181106,NO1802089,A1014,946.176
20181108,NO1802761,A0643,946.176
20181109,NO1803285,A0994,946.176
20181109,NO1809099,A1338,946.176
20181112,NO1801748,A1163,946.176
20181113,NO1800729,A0565,946.176
20181113,NO1808224,A0499,946.176
20181114,NO1803841,A1142,946.176
20181115,NO1809340,A1029,946.176
20181115,NO1804855,A1419,946.176
20181115,NO1806607,A0910,946.176
20181116,NO1808714,A1030,946.176
20181116,NO1807763,A1133,946.176
20181119,NO1804339,A0875,946.176
20181119,NO1804420,A1221,946.176
20181120,NO1808445,A0715,946.176
20181120,NO1806589,A0673,946.176
20181120,NO1801907,A0897,946.176
20181121,NO1806110,A1027,946.176
20181121,NO1801718,A0541,946.176
20181121,NO1802929,A0952,946.176
20181121,NO1804688,A0422,946.176
20181123,NO1804020,A0928,946.176
20181123,NO1807357,A0708,946.176
20181123,NO1808414,A0897,946.176
20181126,NO1801647,A1325,946.176
20181126,NO1801740,A1362,946.176
20181126,NO1808887,A0842,946.176
20181127,NO1803096,A0765,946.176
20181127,NO1807165,A1007,946.176
20181128,NO1805542,A1106,946.176
20181128,NO1806556,A1089,946.176
20181129,NO1807481,A0499,946.176
20181130,NO1806851,A1102,946.176
20181130,NO1803511,A1290,946.176
20181203,DE1800033,A1362,946.176
20181203,DE1803874,A0753,946.176
20181203,DE1800451,A0905,946.176
20181205,DE1801844,A1164,946.176
20181206,DE1807937,A0355,946.176
20181206,DE1808737,A0399,946.176
20181207,DE1801044,A0681,946.176
20181207,DE1807405,A0452,946.176
20181207,DE1803666,A0873,946.176
20181211,DE1802301,A1146,946.176
20181211,DE1808711,A0922,946.176
20181212,DE1806917,A0678,946.176
20181212,DE1802735,A1239,946.176
20181213,DE1807023,A1309,946.176
20181213,DE1805205,A1169,946.176
20181214,DE1803879,A1164,946.176
20181214,DE1806749,A0557,946.176
20181214,DE1809129,A0884,946.176
20181217,DE1803617,A0764,946.176
20181217,DE1806005,A0559,946.176
20181217,DE1803596,A1181,946.176
20181218,DE1803163,A1385,946.176
20181219,DE1805407,A0433,946.176
20181219,DE1806783,A0816,946.176
20181219,DE1805126,A1036,946.176
20181219,DE1806219,A0429,946.176
20181219,DE1808098,A1116,946.176
20181219,DE1801076,A1388,946.176
20181220,DE1806653,A0415,946.176
20181224,DE1805940,A0446,946.176
20181224,DE1803643,A1230,946.176
20181224,DE1806472,A0567,946.176
20181225,DE1803702,A0864,946.176
20181225,DE1804537,A0545,946.176
20181226,DE1807877,A0481,946.176
20181226,DE1800506,A0713,946.176
20181226,DE1801764,A1401,946.176
20181226,DE1802534,A0611,946.176
20181227,DE1809084,A0422,946.176
20181227,DE1801327,A1204,946.176
20181231,DE1801182,A1345,946.176
20181231,DE1807220,A0852,946.176
20190101,JA1900530,A0920,946.176
20190102,JA1903555,A1313,946.176
20190102,JA1908412,A0879,946.176
20180402,AP1805390,A0352,334.4
20180402,AP1801199,A1162,334.4
20180403,AP1800992,A1293,334.4
20180403,AP1805425,A1331,334.4
20180403,AP1808197,A1401,334.4
20180404,AP1804193,A0746,334.4
20180405,AP1806158,A0464,334.4
20180405,AP1804796,A0720,334.4
20180406,AP1806175,A0951,334.4
20180406,AP1800836,A1216,334.4
20180409,AP1801654,A1316,334.4
20180411,AP1804632,A1369,334.4
20180411,AP1800734,A1360,334.4
20180412,AP1805742,A0458,334.4
20180413,AP1801422,A0705,334.4
20180413,AP1801115,A0715,334.4
20180416,AP1802192,A1102,334.4
20180416,AP1806576,A0679,334.4
20180417,AP1804844,A1329,334.4
20180419,AP1804093,A0495,334.4
20180423,AP1803963,A1387,334.4
20180425,AP1806681,A1371,334.4
20180425,AP1802060,A1360,334.4
20180426,AP1802742,A0504,334.4
20180426,AP1806233,A0432,334.4
20180427,AP1805193,A1092,334.4
20180430,AP1808734,A1164,334.4
20180501,MA1806569,A0559,334.4
20180502,MA1803527,A1125,334.4
20180502,MA1800084,A1130,334.4
20180502,MA1800432,A0576,334.4
20180504,MA1804206,A1257,334.4
20180507,MA1801511,A0802,334.4
20180509,MA1808656,A0354,334.4
20180509,MA1808297,A1248,334.4
20180509,MA1803262,A0704,334.4
20180510,MA1801973,A1408,334.4
20180511,MA1807020,A0841,334.4
20180511,MA1803125,A0921,334.4
20180514,MA1806164,A1065,334.4
20180514,MA1806696,A1153,334.4
20180514,MA1805172,A0660,334.4
20180515,MA1805204,A0943,334.4
20180516,MA1803046,A1190,334.4
20180517,MA1808050,A1285,334.4
20180518,MA1806442,A1215,334.4
20180521,MA1803695,A0610,334.4
20180521,MA1804102,A1397,334.4
20180521,MA1805847,A1046,334.4
20180521,MA1806045,A1265,334.4
20180521,MA1801592,A0473,334.4
20180521,MA1805762,A1144,334.4
20180522,MA1806791,A0846,334.4
20180523,MA1803496,A1279,334.4
20180523,MA1808923,A0629,334.4
20180524,MA1806329,A0410,334.4
20180525,MA1803638,A0633,334.4
20180528,MA1801279,A0375,334.4
20180528,MA1808649,A0994,334.4
20180530,MA1806482,A0816,334.4
20180530,MA1807319,A0686,334.4
20180531,MA1807664,A1054,334.4
20180601,JU1801259,A1311,334.4
20180604,JU1807674,A1216,334.4
20180604,JU1800725,A0445,334.4
20180605,JU1805772,A1214,334.4
20180605,JU1802569,A0989,334.4
20180605,JU1802105,A1002,334.4
20180605,JU1805418,A1265,334.4
20180607,JU1800711,A1103,334.4
20180608,JU1808588,A0707,334.4
20180608,JU1806312,A1059,334.4
20180608,JU1800773,A0961,334.4
20180608,JU1801030,A0444,334.4
20180608,JU1800099,A0463,334.4
20180612,JU1808942,A1147,334.4
20180612,JU1802617,A1120,334.4
20180614,JU1808349,A0702,334.4
20180614,JU1804524,A0454,334.4
20180615,JU1808873,A0824,334.4
20180615,JU1809329,A0586,334.4
20180618,JU1805933,A0507,334.4
20180619,JU1807307,A1270,334.4
20180619,JU1805854,A0927,334.4
20180619,JU1807778,A0878,334.4
20180620,JU1807013,A0696,334.4
20180621,JU1803116,A0350,334.4
20180625,JU1803990,A0884,334.4
20180626,JU1804888,A0897,334.4
20180628,JU1800662,A0946,334.4
20180628,JU1807855,A1100,334.4
20180629,JU1805817,A1193,334.4
20180801,AU1801381,A0637,334.4
20180802,AU1803970,A0881,334.4
20180802,AU1805686,A0963,334.4
20180803,AU1805128,A1068,334.4
20180803,AU1804287,A1076,334.4
20180806,AU1807995,A0884,334.4
20180807,AU1804042,A1018,334.4
20180807,AU1808978,A1062,334.4
20180809,AU1802398,A0703,334.4
20180809,AU1804639,A0972,334.4
20180810,AU1801988,A0422,334.4
20180810,AU1805768,A0686,334.4
20180810,AU1801366,A1112,334.4
20180810,AU1801873,A0879,334.4
20180810,AU1804740,A1009,334.4
20180813,AU1802677,A0815,334.4
20180816,AU1805104,A1181,334.4
20180816,AU1808574,A1062,334.4
20180817,AU1803160,A1128,334.4
20180817,AU1800345,A0941,334.4
20180817,AU1808333,A0428,334.4
20180822,AU1807843,A0877,334.4
20180822,AU1808556,A1369,334.4
20180824,AU1803852,A0701,334.4
20180824,AU1807873,A1332,334.4
20180824,AU1801683,A0576,334.4
20180829,AU1802514,A0764,334.4
20180903,SE1806088,A1179,334.4
20180903,SE1809337,A1110,334.4
20180904,SE1806100,A1115,334.4
20180904,SE1803907,A0744,334.4
20180905,SE1809091,A0791,334.4
20180905,SE1804068,A1186,334.4
20180905,SE1803079,A1346,334.4
20180905,SE1803601,A1232,334.4
20180906,SE1804034,A1367,334.4
20180907,SE1806778,A0522,334.4
20180907,SE1806726,A0503,334.4
20180911,SE1805460,A0355,334.4
20180911,SE1806131,A1232,334.4
20180913,SE1806515,A0945,334.4
20180914,SE1802743,A0684,334.4
20180917,SE1805467,A1076,334.4
20180918,SE1804288,A0815,334.4
20180918,SE1807627,A0643,334.4
20180918,SE1801484,A0472,334.4
20180919,SE1808961,A0833,334.4
20180920,SE1804713,A1309,334.4
20180920,SE1801856,A0754,334.4
20180921,SE1808177,A0462,334.4
20180924,SE1806927,A0763,334.4
20180925,SE1807563,A0457,334.4
20180926,SE1804433,A0919,334.4
20180926,SE1803753,A0659,334.4
20180405,AP1803146,A1362,1214.4
20180405,AP1808993,A0826,1214.4
20180406,AP1804955,A0997,1214.4
20180409,AP1809320,A0816,1214.4
20180409,AP1800355,A1002,1214.4
20180409,AP1806758,A0744,1214.4
20180410,AP1807693,A1413,1214.4
20180410,AP1806475,A1212,1214.4
20180411,AP1801676,A1340,1214.4
20180411,AP1805321,A1072,1214.4
20180411,AP1808790,A1415,1214.4
20180411,AP1803389,A1095,1214.4
20180412,AP1804514,A0949,1214.4
20180413,AP1801621,A0731,1214.4
20180413,AP1806077,A1360,1214.4
20180416,AP1807905,A0821,1214.4
20180416,AP1809288,A0445,1214.4
20180416,AP1804403,A0835,1214.4
20180419,AP1806547,A0742,1214.4
20180419,AP1805555,A0716,1214.4
20180423,AP1804585,A0629,1214.4
20180424,AP1806481,A0947,1214.4
20180425,AP1807125,A0892,1214.4
20180425,AP1804532,A1240,1214.4
20180426,AP1801013,A1130,1214.4
20180426,AP1801645,A1147,1214.4
20180427,AP1804795,A1187,1214.4
20180430,AP1805602,A0892,1214.4
20180501,MA1803674,A1230,1214.4
20180501,MA1805733,A1316,1214.4
20180502,MA1801756,A0350,1214.4
20180502,MA1801587,A0887,1214.4
20180502,MA1805764,A0695,1214.4
20180503,MA1809342,A1272,1214.4
20180507,MA1803317,A0887,1214.4
20180509,MA1803007,A0470,1214.4
20180509,MA1804588,A0992,1214.4
20180510,MA1800708,A1420,1214.4
20180514,MA1805365,A0701,1214.4
20180515,MA1801127,A1305,1214.4
20180516,MA1803558,A0603,1214.4
20180517,MA1800553,A1103,1214.4
20180518,MA1803411,A1017,1214.4
20180522,MA1801553,A0715,1214.4
20180522,MA1806997,A0992,1214.4
20180522,MA1803593,A1100,1214.4
20180523,MA1801870,A1204,1214.4
20180524,MA1802886,A1187,1214.4
20180528,MA1804249,A0703,1214.4
20180528,MA1801315,A1202,1214.4
20180528,MA1801828,A0892,1214.4
20180528,MA1808118,A1409,1214.4
20180530,MA1800986,A0740,1214.4
20180531,MA1805797,A1187,1214.4
20180531,MA1806383,A1065,1214.4
20180604,JU1805538,A0922,1214.4
20180604,JU1802896,A0559,1214.4
20180604,JU1808317,A0438,1214.4
20180605,JU1804881,A0875,1214.4
20180605,JU1801531,A0569,1214.4
20180606,JU1800972,A1257,1214.4
20180607,JU1806364,A0953,1214.4
20180607,JU1801694,A1130,1214.4
20180607,JU1802675,A1163,1214.4
20180608,JU1807646,A0640,1214.4
20180611,JU1807324,A0869,1214.4
20180612,JU1807808,A0408,1214.4
20180612,JU1806719,A1225,1214.4
20180613,JU1801152,A0629,1214.4
20180614,JU1808290,A0845,1214.4
20180615,JU1801332,A0744,1214.4
20180618,JU1803665,A0811,1214.4
20180618,JU1803246,A0576,1214.4
20180618,JU1803068,A0557,1214.4
20180620,JU1802509,A0801,1214.4
20180625,JU1802004,A0786,1214.4
20180625,JU1800631,A0977,1214.4
20180626,JU1800760,A0811,1214.4
20180626,JU1800315,A0845,1214.4
20180627,JU1806702,A0776,1214.4
20180628,JU1806552,A0720,1214.4
20180629,JU1809036,A0426,1214.4
20180629,JU1806797,A0589,1214.4
20180731,JU1805305,A0534,1214.4
20180801,AU1805147,A0632,1214.4
20180801,AU1808933,A0493,1214.4
20180802,AU1805200,A0574,1214.4
20180802,AU1801581,A1305,1214.4
20180803,AU1800465,A0643,1214.4
20180808,AU1800767,A1338,1214.4
20180808,AU1808534,A0795,1214.4
20180809,AU1800855,A0863,1214.4
20180810,AU1800956,A1280,1214.4
20180810,AU1803825,A0480,1214.4
20180813,AU1803837,A1003,1214.4
20180814,AU1802237,A1094,1214.4
20180814,AU1805239,A0616,1214.4
20180815,AU1800229,A0690,1214.4
20180815,AU1805481,A0955,1214.4
20180815,AU1805180,A0512,1214.4
20180816,AU1806296,A0414,1214.4
20180817,AU1807685,A1092,1214.4
20180817,AU1801245,A0922,1214.4
20180823,AU1808014,A1185,1214.4
20180823,AU1803644,A0422,1214.4
20180824,AU1805604,A0988,1214.4
20180827,AU1800851,A0380,1214.4
20180827,AU1805471,A1381,1214.4
20180828,AU1808767,A0369,1214.4
20180829,AU1801220,A0919,1214.4
20180829,AU1802246,A1369,1214.4
20180830,AU1802864,A0657,1214.4
20180831,AU1809086,A1343,1214.4
20180903,SE1803925,A0861,1214.4
20180904,SE1803014,A0716,1214.4
20180907,SE1800087,A1237,1214.4
20180907,SE1802651,A0665,1214.4
20180907,SE1800868,A0512,1214.4
20180910,SE1801442,A0523,1214.4
20180910,SE1806745,A0467,1214.4
20180911,SE1801375,A1057,1214.4
20180911,SE1805354,A1349,1214.4
20180912,SE1802679,A1285,1214.4
20180912,SE1800744,A0480,1214.4
20180912,SE1804101,A1020,1214.4
20180913,SE1803521,A1162,1214.4
20180914,SE1808464,A1179,1214.4
20180914,SE1803913,A0552,1214.4
20180914,SE1806525,A0633,1214.4
20180914,SE1800120,A1069,1214.4
20180914,SE1802671,A1003,1214.4
20180917,SE1804970,A1338,1214.4
20180918,SE1801793,A0802,1214.4
20180918,SE1808808,A0708,1214.4
20180918,SE1809069,A1420,1214.4
20180919,SE1807425,A1175,1214.4
20180920,SE1805229,A0816,1214.4
20180924,SE1803460,A0495,1214.4
20180925,SE1806116,A0884,1214.4
20180927,SE1802001,A0833,1214.4
20180927,SE1800233,A0747,1214.4
20180928,SE1802056,A1397,1214.4
20180928,SE1805899,A1221,1214.4
20180928,SE1805593,A1215,1214.4
20180102,JA1800463,A0887,822.8
20180103,JA1804867,A0972,822.8
20180103,JA1800785,A1146,822.8
20180104,JA1805823,A1062,822.8
20180105,JA1807218,A1415,822.8
20180108,JA1808169,A1169,822.8
20180108,JA1807557,A1130,822.8
20180109,JA1803112,A0878,822.8
20180110,JA1805113,A0576,822.8
20180110,JA1806049,A0369,822.8
20180111,JA1805015,A1350,822.8
20180116,JA1802846,A0654,822.8
20180116,JA1807621,A0941,822.8
20180117,JA1801444,A1003,822.8
20180119,JA1800064,A0913,822.8
20180119,JA1805376,A1334,822.8
20180122,JA1804358,A1181,822.8
20180122,JA1801096,A0506,822.8
20180123,JA1804356,A0890,822.8
20180123,JA1807210,A0903,822.8
20180123,JA1803732,A0907,822.8
20180125,JA1803131,A0997,822.8
20180126,JA1803342,A0403,822.8
20180126,JA1808097,A0506,822.8
20180126,JA1805431,A0819,822.8
20180129,JA1802614,A0744,822.8
20180130,JA1805939,A0747,822.8
20180201,FE1806111,A0463,822.8
20180202,FE1807391,A1138,822.8
20180205,FE1801942,A0534,822.8
20180205,FE1802238,A1123,822.8
20180205,FE1804572,A0643,822.8
20180205,FE1801426,A0995,822.8
20180206,FE1800597,A1113,822.8
20180206,FE1805366,A1170,822.8
20180206,FE1800504,A1370,822.8
20180207,FE1803088,A0531,822.8
20180207,FE1806007,A1063,822.8
20180207,FE1805138,A1307,822.8
20180207,FE1804001,A0504,822.8
20180207,FE1806683,A1104,822.8
20180208,FE1808782,A0990,822.8
20180208,FE1807987,A0994,822.8
20180209,FE1807031,A1124,822.8
20180209,FE1808921,A1149,822.8
20180209,FE1806168,A0665,822.8
20180212,FE1803030,A0633,822.8
20180213,FE1805345,A1085,822.8
20180215,FE1806301,A0808,822.8
20180216,FE1807404,A1401,822.8
20180216,FE1800449,A0906,822.8
20180216,FE1807852,A0686,822.8
20180216,FE1808135,A0880,822.8
20180216,FE1805524,A0357,822.8
20180219,FE1807046,A1208,822.8
20180219,FE1808409,A0879,822.8
20180220,FE1803485,A0371,822.8
20180220,FE1804649,A1092,822.8
20180221,FE1803621,A1320,822.8
20180221,FE1805981,A1306,822.8
20180222,FE1801810,A1162,822.8
20180222,FE1808527,A1345,822.8
20180222,FE1806968,A0403,822.8
20180223,FE1804996,A0933,822.8
20180223,FE1802337,A1002,822.8
20180223,FE1801006,A0815,822.8
20180227,FE1806752,A0427,822.8
20180228,FE1802397,A0531,822.8
20181030,OC1801402,A1236,822.8
20181031,OC1805177,A0486,822.8
20181101,NO1808249,A0934,822.8
20181101,NO1805603,A1014,822.8
20181105,NO1803822,A0593,822.8
20181105,NO1802383,A1353,822.8
20181106,NO1807064,A0952,822.8
20181107,NO1807490,A0816,822.8
20181107,NO1807633,A0519,822.8
20181108,NO1800879,A0738,822.8
20181108,NO1807853,A1002,822.8
20181109,NO1806545,A0351,822.8
20181109,NO1803424,A0879,822.8
20181112,NO1806360,A0880,822.8
20181112,NO1804417,A0942,822.8
20181112,NO1805088,A0593,822.8
20181112,NO1805258,A0470,822.8
20181116,NO1806370,A0382,822.8
20181116,NO1804022,A1064,822.8
20181119,NO1805678,A0762,822.8
20181119,NO1800106,A1221,822.8
20181120,NO1806779,A0482,822.8
20181120,NO1803714,A1197,822.8
20181121,NO1803234,A1388,822.8
20181122,NO1804827,A1039,822.8
20181122,NO1805360,A0418,822.8
20181123,NO1804503,A0512,822.8
20181123,NO1808596,A1036,822.8
20181126,NO1800981,A0785,822.8
20181126,NO1805860,A0603,822.8
20181127,NO1805330,A0863,822.8
20181127,NO1801216,A1232,822.8
20181128,NO1809133,A1407,822.8
20181129,NO1802745,A1152,822.8
20181129,NO1807214,A1161,822.8
20181129,NO1802541,A0914,822.8
20181129,NO1801291,A1226,822.8
20181130,NO1802396,A0463,822.8
20181130,NO1804538,A0706,822.8
20181203,DE1809265,A1178,822.8
20181203,DE1803659,A0431,822.8
20181204,DE1807820,A0435,822.8
20181204,DE1803684,A0523,822.8
20181204,DE1803932,A1089,822.8
20181205,DE1803437,A1265,822.8
20181205,DE1807863,A1020,822.8
20181206,DE1804975,A1360,822.8
20181207,DE1807892,A1159,822.8
20181211,DE1802361,A0853,822.8
20181212,DE1807746,A0380,822.8
20181214,DE1803147,A0795,822.8
20181214,DE1802513,A0916,822.8
20181218,DE1802816,A0495,822.8
20181218,DE1805085,A0629,822.8
20181218,DE1804909,A1415,822.8
20181219,DE1805902,A0531,822.8
20181221,DE1807301,A0873,822.8
20181221,DE1801539,A0352,822.8
20181221,DE1807535,A1270,822.8
20181224,DE1808688,A1290,822.8
20181224,DE1804353,A0578,822.8
20181225,DE1801346,A1301,822.8
20181225,DE1804767,A1413,822.8
20181226,DE1808039,A1412,822.8
20181227,DE1805864,A0493,822.8
20181227,DE1807345,A1142,822.8
20181227,DE1807248,A0547,822.8
20181227,DE1800560,A1333,822.8
20181227,DE1800620,A1214,822.8
20181228,DE1804196,A1329,822.8
20190101,JA1908774,A1301,822.8
20190101,JA1904214,A1221,822.8
20190102,JA1904613,A0781,822.8
20180103,JA1805975,A0963,1182.72
20180104,JA1805214,A0938,1182.72
20180104,JA1808311,A0410,1182.72
20180104,JA1803303,A0457,1182.72
20180105,JA1803126,A0745,1182.72
20180108,JA1802522,A1159,1182.72
20180108,JA1803052,A0522,1182.72
20180109,JA1805276,A1150,1182.72
20180110,JA1805921,A0525,1182.72
20180111,JA1802160,A0670,1182.72
20180115,JA1802258,A0778,1182.72
20180115,JA1801842,A0945,1182.72
20180116,JA1808288,A0881,1182.72
20180117,JA1807378,A0627,1182.72
20180117,JA1807178,A1115,1182.72
20180118,JA1802075,A0944,1182.72
20180122,JA1808706,A0586,1182.72
20180124,JA1801248,A0961,1182.72
20180125,JA1807911,A0741,1182.72
20180125,JA1803762,A1277,1182.72
20180125,JA1804816,A0583,1182.72
20180129,JA1808855,A1236,1182.72
20180131,JA1806225,A1223,1182.72
20180201,FE1805705,A1124,1182.72
20180202,FE1804554,A0472,1182.72
20180205,FE1808438,A1225,1182.72
20180205,FE1802480,A1311,1182.72
20180206,FE1804191,A0657,1182.72
20180206,FE1807329,A0931,1182.72
20180206,FE1806342,A1129,1182.72
20180207,FE1803081,A0417,1182.72
20180207,FE1808915,A1160,1182.72
20180208,FE1801382,A1106,1182.72
20180209,FE1802170,A0807,1182.72
20180209,FE1808881,A1071,1182.72
20180209,FE1807113,A1013,1182.72
20180209,FE1808442,A1064,1182.72
20180209,FE1807081,A0762,1182.72
20180209,FE1802577,A0670,1182.72
20180212,FE1802531,A0954,1182.72
20180213,FE1805091,A1085,1182.72
20180215,FE1807480,A1362,1182.72
20180215,FE1804178,A0835,1182.72
20180216,FE1803113,A0593,1182.72
20180220,FE1801062,A0824,1182.72
20180220,FE1802020,A1076,1182.72
20180221,FE1807917,A0786,1182.72
20180226,FE1803750,A0990,1182.72
20180226,FE1803526,A0499,1182.72
20180228,FE1801342,A0790,1182.72
20180228,FE1807297,A1254,1182.72
20180228,FE1807971,A1103,1182.72
20181030,OC1808041,A1338,1182.72
20181101,NO1804460,A1330,1182.72
20181102,NO1802788,A0841,1182.72
20181102,NO1808449,A1020,1182.72
20181105,NO1805081,A0798,1182.72
20181106,NO1801282,A1307,1182.72
20181107,NO1803945,A0754,1182.72
20181107,NO1803607,A0444,1182.72
20181107,NO1807740,A1064,1182.72
20181108,NO1806831,A0616,1182.72
20181109,NO1804543,A0970,1182.72
20181109,NO1802807,A0576,1182.72
20181112,NO1804230,A0781,1182.72
20181112,NO1807642,A0696,1182.72
20181113,NO1806600,A1282,1182.72
20181113,NO1808312,A0772,1182.72
20181114,NO1803491,A1325,1182.72
20181114,NO1805876,A0682,1182.72
20181114,NO1805869,A0781,1182.72
20181114,NO1801619,A0357,1182.72
20181114,NO1805410,A0428,1182.72
20181114,NO1808843,A0965,1182.72
20181116,NO1804598,A1256,1182.72
20181116,NO1800564,A0350,1182.72
20181119,NO1803311,A1181,1182.72
20181120,NO1806121,A0428,1182.72
20181120,NO1805387,A1064,1182.72
20181121,NO1805446,A1085,1182.72
20181121,NO1801723,A0720,1182.72
20181121,NO1800838,A0426,1182.72
20181121,NO1801627,A1313,1182.72
20181122,NO1808272,A1337,1182.72
20181122,NO1804907,A1007,1182.72
20181126,NO1807122,A0470,1182.72
20181127,NO1800176,A0742,1182.72
20181128,NO1800445,A0414,1182.72
20181128,NO1804435,A0993,1182.72
20181130,NO1800596,A0352,1182.72
20181130,NO1803412,A0504,1182.72
20181204,DE1805925,A1057,1182.72
20181205,DE1806827,A1346,1182.72
20181205,DE1800481,A0994,1182.72
20181206,DE1809264,A0977,1182.72
20181210,DE1803626,A0731,1182.72
20181212,DE1802575,A0810,1182.72
20181213,DE1808786,A1374,1182.72
20181217,DE1807387,A0502,1182.72
20181217,DE1800010,A0997,1182.72
20181218,DE1805374,A0710,1182.72
20181218,DE1808573,A1297,1182.72
20181219,DE1806699,A0431,1182.72
20181219,DE1804217,A1187,1182.72
20181219,DE1800049,A1020,1182.72
20181220,DE1807293,A0997,1182.72
20181221,DE1801170,A1334,1182.72
20181224,DE1808407,A1116,1182.72
20181224,DE1805377,A1257,1182.72
20181224,DE1807805,A1009,1182.72
20181224,DE1803663,A1054,1182.72
20181226,DE1802313,A0707,1182.72
20181227,DE1807587,A1249,1182.72
20181228,DE1807422,A0894,1182.72
20181228,DE1809296,A1068,1182.72
20181228,DE1809321,A0990,1182.72
20181231,DE1807800,A0627,1182.72
20190101,JA1901318,A0471,1182.72
20190101,JA1906624,A0773,1182.72
20190102,JA1900031,A0467,1182.72
20190104,JA1906407,A0431,1182.72
20190104,JA1905154,A1277,1182.72
20180402,AP1809020,A1202,2164.0608
20180403,AP1803929,A1416,2164.0608
20180409,AP1800947,A1153,2164.0608
20180409,AP1803547,A1226,2164.0608
20180410,AP1807606,A0353,2164.0608
20180410,AP1807772,A0457,2164.0608
20180411,AP1802280,A0726,2164.0608
20180411,AP1801545,A0450,2164.0608
20180412,AP1803662,A1193,2164.0608
20180412,AP1802988,A1181,2164.0608
20180412,AP1801407,A0672,2164.0608
20180413,AP1803210,A0718,2164.0608
20180417,AP1801674,A1290,2164.0608
20180418,AP1807332,A0944,2164.0608
20180419,AP1804398,A0852,2164.0608
20180420,AP1807153,A0415,2164.0608
20180423,AP1805056,A0800,2164.0608
20180425,AP1806557,A1131,2164.0608
20180425,AP1807296,A0375,2164.0608
20180430,AP1808307,A1007,2164.0608
20180430,AP1801088,A0994,2164.0608
20180501,MA1807231,A0944,2164.0608
20180501,MA1806780,A1014,2164.0608
20180502,MA1801582,A0810,2164.0608
20180502,MA1801761,A1305,2164.0608
20180502,MA1803835,A0587,2164.0608
20180504,MA1803767,A0762,2164.0608
20180507,MA1804265,A1386,2164.0608
20180507,MA1809197,A1130,2164.0608
20180507,MA1804608,A0693,2164.0608
20180507,MA1801861,A0480,2164.0608
20180508,MA1801804,A0739,2164.0608
20180514,MA1806126,A0965,2164.0608
20180516,MA1805130,A1146,2164.0608
20180518,MA1806754,A0760,2164.0608
20180521,MA1808548,A0931,2164.0608
20180522,MA1808064,A0399,2164.0608
20180522,MA1803850,A0473,2164.0608
20180523,MA1802538,A1271,2164.0608
20180523,MA1800768,A0725,2164.0608
20180524,MA1801791,A0520,2164.0608
20180524,MA1806086,A0377,2164.0608
20180524,MA1806133,A0382,2164.0608
20180525,MA1806097,A0601,2164.0608
20180528,MA1809186,A0828,2164.0608
20180528,MA1805191,A0569,2164.0608
20180528,MA1806263,A1388,2164.0608
20180529,MA1807920,A0686,2164.0608
20180601,JU1807673,A1300,2164.0608
20180605,JU1801116,A0516,2164.0608
20180606,JU1801399,A0427,2164.0608
20180607,JU1804859,A1103,2164.0608
20180608,JU1800272,A0781,2164.0608
20180611,JU1804558,A1116,2164.0608
20180614,JU1801418,A1226,2164.0608
20180615,JU1800814,A1333,2164.0608
20180615,JU1804050,A0686,2164.0608
20180618,JU1804173,A0778,2164.0608
20180618,JU1808770,A0512,2164.0608
20180619,JU1802916,A0586,2164.0608
20180619,JU1804559,A1336,2164.0608
20180619,JU1802473,A0408,2164.0608
20180620,JU1803086,A1133,2164.0608
20180626,JU1807785,A1329,2164.0608
20180627,JU1801271,A1181,2164.0608
20180629,JU1800398,A0679,2164.0608
20180629,JU1808821,A0578,2164.0608
20180801,AU1805834,A1329,2164.0608
20180802,AU1804727,A0456,2164.0608
20180806,AU1805848,A0852,2164.0608
20180807,AU1808697,A0654,2164.0608
20180808,AU1808844,A1337,2164.0608
20180808,AU1801734,A0819,2164.0608
20180810,AU1806602,A1101,2164.0608
20180815,AU1801290,A0795,2164.0608
20180816,AU1805859,A0432,2164.0608
20180816,AU1806223,A0632,2164.0608
20180817,AU1802092,A0802,2164.0608
20180817,AU1805728,A0819,2164.0608
20180820,AU1805325,A0921,2164.0608
20180822,AU1803630,A1009,2164.0608
20180823,AU1806707,A0811,2164.0608
20180827,AU1800987,A1168,2164.0608
20180827,AU1807340,A0720,2164.0608
20180828,AU1806101,A1395,2164.0608
20180828,AU1807279,A0627,2164.0608
20180828,AU1804135,A1232,2164.0608
20180829,AU1805529,A0708,2164.0608
20180831,AU1800080,A0516,2164.0608
20180831,AU1803017,A1395,2164.0608
20180904,SE1807571,A1412,2164.0608
20180905,SE1805805,A1320,2164.0608
20180906,SE1809221,A0539,2164.0608
20180906,SE1801095,A1320,2164.0608
20180907,SE1805414,A0830,2164.0608
20180907,SE1805102,A1103,2164.0608
20180910,SE1800694,A1419,2164.0608
20180910,SE1803038,A1037,2164.0608
20180912,SE1805530,A0574,2164.0608
20180913,SE1805755,A0446,2164.0608
20180913,SE1803047,A1216,2164.0608
20180918,SE1808713,A0880,2164.0608
20180918,SE1808907,A1129,2164.0608
20180919,SE1801737,A0972,2164.0608
20180919,SE1801033,A0403,2164.0608
20180920,SE1805439,A0607,2164.0608
20180920,SE1802077,A1406,2164.0608
20180920,SE1805287,A1103,2164.0608
20180921,SE1808258,A1265,2164.0608
20180921,SE1801901,A0428,2164.0608
20180921,SE1800901,A1254,2164.0608
20180924,SE1801080,A0695,2164.0608
20180924,SE1809023,A1332,2164.0608
20180925,SE1800122,A0716,2164.0608
20180926,SE1802489,A1065,2164.0608
20180926,SE1801735,A0824,2164.0608
20180927,SE1804006,A0865,2164.0608
20180928,SE1805782,A0534,2164.0608
20180928,SE1800510,A1146,2164.0608
20180928,SE1800555,A1334,2164.0608
20180102,JA1802933,A0764,2100.47904
20180103,JA1804904,A1135,2100.47904
20180105,JA1808484,A0881,2100.47904
20180109,JA1800955,A0892,2100.47904
20180110,JA1800368,A0903,2100.47904
20180112,JA1809230,A1349,2100.47904
20180115,JA1804562,A0796,2100.47904
20180115,JA1808889,A0781,2100.47904
20180117,JA1806073,A1416,2100.47904
20180117,JA1807888,A1212,2100.47904
20180118,JA1809005,A0587,2100.47904
20180118,JA1801833,A0419,2100.47904
20180119,JA1808430,A0681,2100.47904
20180122,JA1805358,A1285,2100.47904
20180123,JA1800764,A0427,2100.47904
20180124,JA1806718,A0431,2100.47904
20180125,JA1805285,A0616,2100.47904
20180126,JA1806801,A1178,2100.47904
20180129,JA1801084,A0835,2100.47904
20180131,JA1804257,A1002,2100.47904
20180131,JA1803870,A0749,2100.47904
20180131,JA1805277,A1345,2100.47904
20180201,FE1806437,A0852,2100.47904
20180202,FE1808989,A1085,2100.47904
20180202,FE1806859,A0495,2100.47904
20180202,FE1808146,A0693,2100.47904
20180202,FE1801371,A0503,2100.47904
20180202,FE1809152,A1020,2100.47904
20180206,FE1801608,A0987,2100.47904
20180207,FE1808883,A0996,2100.47904
20180207,FE1800118,A1265,2100.47904
20180209,FE1808386,A1240,2100.47904
20180212,FE1806550,A1419,2100.47904
20180213,FE1804476,A1278,2100.47904
20180213,FE1808542,A0708,2100.47904
20180214,FE1808191,A0836,2100.47904
20180214,FE1805175,A1103,2100.47904
20180215,FE1804717,A0963,2100.47904
20180215,FE1807103,A0463,2100.47904
20180216,FE1806089,A0953,2100.47904
20180220,FE1809223,A0380,2100.47904
20180221,FE1806876,A0481,2100.47904
20180221,FE1806763,A0587,2100.47904
20180221,FE1806764,A1420,2100.47904
20180221,FE1808465,A0842,2100.47904
20180223,FE1808948,A0845,2100.47904
20180227,FE1807521,A1062,2100.47904
20180227,FE1805450,A0495,2100.47904
20180228,FE1804745,A1092,2100.47904
20180301,MA1807466,A1329,2100.47904
20181029,OC1808827,A0552,2100.47904
20181030,OC1804832,A0945,2100.47904
20181105,NO1808761,A0429,2100.47904
20181106,NO1808034,A0963,2100.47904
20181106,NO1801561,A1030,2100.47904
20181107,NO1806975,A1416,2100.47904
20181108,NO1804777,A0977,2100.47904
20181108,NO1800816,A0942,2100.47904
20181108,NO1801871,A0798,2100.47904
20181109,NO1803373,A1282,2100.47904
20181109,NO1800158,A0760,2100.47904
20181113,NO1806242,A0548,2100.47904
20181113,NO1805355,A0576,2100.47904
20181114,NO1803506,A0749,2100.47904
20181114,NO1806315,A0916,2100.47904
20181115,NO1804310,A1410,2100.47904
20181115,NO1803360,A0724,2100.47904
20181115,NO1800249,A1055,2100.47904
20181116,NO1806205,A1343,2100.47904
20181119,NO1800893,A1390,2100.47904
20181119,NO1806955,A0350,2100.47904
20181120,NO1800943,A0927,2100.47904
20181121,NO1802871,A0633,2100.47904
20181121,NO1804699,A1007,2100.47904
20181121,NO1804954,A0861,2100.47904
20181121,NO1808671,A1282,2100.47904
20181123,NO1808335,A0952,2100.47904
20181123,NO1807177,A1292,2100.47904
20181123,NO1805700,A0445,2100.47904
20181126,NO1808316,A1278,2100.47904
20181128,NO1803993,A0655,2100.47904
20181129,NO1800404,A1236,2100.47904
20181130,NO1804976,A0935,2100.47904
20181130,NO1801410,A0879,2100.47904
20181130,NO1804751,A0945,2100.47904
20181130,NO1807412,A1412,2100.47904
20181203,DE1809067,A0771,2100.47904
20181204,DE1806135,A0673,2100.47904
20181205,DE1808207,A0887,2100.47904
20181206,DE1805053,A1363,2100.47904
20181206,DE1800082,A1243,2100.47904
20181206,DE1806429,A1353,2100.47904
20181206,DE1805564,A1329,2100.47904
20181207,DE1804773,A0655,2100.47904
20181210,DE1803229,A0995,2100.47904
20181210,DE1808561,A1369,2100.47904
20181212,DE1808814,A0871,2100.47904
20181213,DE1802083,A0531,2100.47904
20181213,DE1804357,A0697,2100.47904
20181218,DE1800424,A0582,2100.47904
20181218,DE1801174,A0429,2100.47904
20181219,DE1804923,A0431,2100.47904
20181220,DE1806583,A1313,2100.47904
20181221,DE1803455,A1332,2100.47904
20181224,DE1804232,A0487,2100.47904
20181224,DE1803648,A1114,2100.47904
20181224,DE1806636,A0462,2100.47904
20181225,DE1801207,A0927,2100.47904
20181225,DE1805156,A0884,2100.47904
20181225,DE1808136,A1278,2100.47904
20181226,DE1806676,A0505,2100.47904
20181227,DE1803895,A1067,2100.47904
20181227,DE1804451,A1068,2100.47904
20181231,DE1809016,A0415,2100.47904
20181231,DE1802918,A1170,2100.47904
20181231,DE1805347,A0695,2100.47904
20190101,JA1905761,A0927,2100.47904
20190101,JA1905100,A1316,2100.47904
20190101,JA1904201,A1085,2100.47904
20190103,JA1901947,A1110,2100.47904
20180402,AP1805349,A0861,668.8
20180402,AP1806345,A1130,668.8
20180403,AP1801518,A0548,668.8
20180403,AP1806403,A1079,668.8
20180403,AP1806346,A0610,668.8
20180406,AP1808856,A1138,668.8
20180410,AP1804724,A0643,668.8
20180410,AP1806916,A0781,668.8
20180411,AP1806520,A1337,668.8
20180417,AP1802265,A0458,668.8
20180418,AP1800405,A1054,668.8
20180418,AP1805320,A0708,668.8
20180420,AP1808822,A0429,668.8
20180420,AP1807361,A0925,668.8
20180420,AP1804576,A0933,668.8
20180424,AP1803689,A0847,668.8
20180424,AP1803821,A0432,668.8
20180424,AP1809044,A0762,668.8
20180424,AP1802960,A1270,668.8
20180425,AP1802628,A0863,668.8
20180426,AP1801603,A1305,668.8
20180427,AP1806864,A1142,668.8
20180501,MA1807366,A0522,668.8
20180502,MA1808633,A0943,668.8
20180504,MA1808217,A1221,668.8
20180504,MA1804190,A1055,668.8
20180507,MA1803831,A0649,668.8
20180507,MA1807224,A0369,668.8
20180508,MA1802909,A0422,668.8
20180508,MA1802014,A1193,668.8
20180509,MA1807115,A0498,668.8
20180509,MA1800302,A0655,668.8
20180510,MA1805548,A0952,668.8
20180515,MA1808023,A1030,668.8
20180516,MA1800871,A1369,668.8
20180518,MA1805749,A0861,668.8
20180518,MA1802364,A1089,668.8
20180521,MA1801558,A0629,668.8
20180521,MA1804384,A1011,668.8
20180522,MA1807084,A1029,668.8
20180522,MA1804166,A1162,668.8
20180523,MA1803167,A0467,668.8
20180523,MA1807286,A0542,668.8
20180524,MA1805199,A0761,668.8
20180524,MA1805557,A1163,668.8
20180525,MA1801117,A0660,668.8
20180529,MA1806171,A0881,668.8
20180529,MA1806400,A0557,668.8
20180531,MA1801633,A1163,668.8
20180531,MA1806445,A1058,668.8
20180601,JU1808983,A1131,668.8
20180604,JU1805646,A1142,668.8
20180606,JU1802456,A0906,668.8
20180607,JU1807924,A0760,668.8
20180608,JU1802122,A1338,668.8
20180608,JU1801082,A0369,668.8
20180611,JU1802061,A0517,668.8
20180612,JU1807497,A1416,668.8
20180613,JU1805408,A0506,668.8
20180614,JU1808326,A0408,668.8
20180620,JU1803660,A0802,668.8
20180622,JU1807517,A0643,668.8
20180625,JU1803168,A0666,668.8
20180625,JU1807777,A0838,668.8
20180625,JU1806265,A0942,668.8
20180627,JU1808458,A0853,668.8
20180730,JU1806071,A0661,668.8
20180806,AU1802928,A0798,668.8
20180806,AU1806911,A0506,668.8
20180806,AU1805692,A0480,668.8
20180807,AU1803992,A0480,668.8
20180809,AU1807691,A1163,668.8
20180810,AU1801471,A0749,668.8
20180813,AU1802758,A0399,668.8
20180814,AU1808740,A0965,668.8
20180817,AU1803293,A0528,668.8
20180820,AU1802078,A1272,668.8
20180822,AU1806746,A0949,668.8
20180822,AU1807280,A1316,668.8
20180822,AU1807745,A0710,668.8
20180823,AU1808536,A0799,668.8
20180824,AU1800659,A0529,668.8
20180827,AU1807561,A1146,668.8
20180827,AU1805060,A0879,668.8
20180827,AU1807211,A1358,668.8
20180827,AU1803451,A1410,668.8
20180827,AU1803633,A1270,668.8
20180827,AU1801755,A0444,668.8
20180828,AU1807936,A0791,668.8
20180904,SE1805531,A0672,668.8
20180904,SE1803225,A1164,668.8
20180905,SE1802852,A1360,668.8
20180905,SE1808937,A1142,668.8
20180906,SE1808803,A0867,668.8
20180906,SE1803299,A0415,668.8
20180907,SE1803134,A1137,668.8
20180907,SE1809038,A1305,668.8
20180913,SE1803048,A0542,668.8
20180918,SE1808275,A0706,668.8
20180918,SE1805633,A0542,668.8
20180919,SE1800942,A1409,668.8
20180920,SE1805136,A0487,668.8
20180921,SE1805388,A0472,668.8
20180921,SE1801909,A1225,668.8
20180925,SE1808759,A1113,668.8
20180927,SE1807711,A0660,668.8
20180927,SE1805437,A1307,668.8
20180927,SE1803201,A1333,668.8
20181003,OC1800121,A0952,668.8
20180404,AP1802881,A1412,2929.1328
20180404,AP1801181,A0749,2929.1328
20180409,AP1801585,A0665,2929.1328
20180410,AP1805587,A1116,2929.1328
20180410,AP1800965,A0830,2929.1328
20180412,AP1808488,A1388,2929.1328
20180412,AP1804109,A1332,2929.1328
20180416,AP1807369,A1286,2929.1328
20180420,AP1807101,A1333,2929.1328
20180423,AP1801700,A0798,2929.1328
20180424,AP1803464,A1271,2929.1328
20180424,AP1804496,A0718,2929.1328
20180426,AP1808586,A1221,2929.1328
20180426,AP1803301,A0422,2929.1328
20180426,AP1806113,A1062,2929.1328
20180430,AP1801656,A0880,2929.1328
20180430,AP1804812,A1123,2929.1328
20180430,AP1807288,A0616,2929.1328
20180501,MA1805881,A0903,2929.1328
20180503,MA1805382,A0587,2929.1328
20180503,MA1806631,A0670,2929.1328
20180503,MA1806858,A1313,2929.1328
20180507,MA1803510,A1064,2929.1328
20180507,MA1803624,A0647,2929.1328
20180507,MA1808760,A0778,2929.1328
20180508,MA1806343,A1345,2929.1328
20180510,MA1809344,A1260,2929.1328
20180510,MA1801429,A0792,2929.1328
20180517,MA1804908,A0461,2929.1328
20180518,MA1801261,A0716,2929.1328
20180518,MA1806150,A1216,2929.1328
20180518,MA1801956,A0679,2929.1328
20180521,MA1802008,A0574,2929.1328
20180523,MA1807645,A0792,2929.1328
20180524,MA1800990,A0800,2929.1328
20180529,MA1803432,A1129,2929.1328
20180604,JU1803063,A0701,2929.1328
20180605,JU1808340,A0387,2929.1328
20180605,JU1800372,A1320,2929.1328
20180606,JU1808605,A1072,2929.1328
20180608,JU1804118,A0371,2929.1328
20180611,JU1806029,A0978,2929.1328
20180612,JU1809113,A0949,2929.1328
20180613,JU1806199,A1164,2929.1328
20180614,JU1804982,A1395,2929.1328
20180615,JU1804626,A1288,2929.1328
20180615,JU1802609,A0988,2929.1328
20180615,JU1800343,A1244,2929.1328
20180618,JU1805961,A1313,2929.1328
20180618,JU1802983,A0918,2929.1328
20180619,JU1809216,A1172,2929.1328
20180620,JU1800818,A1029,2929.1328
20180621,JU1801061,A0839,2929.1328
20180621,JU1802894,A0459,2929.1328
20180621,JU1802795,A1076,2929.1328
20180622,JU1800489,A0767,2929.1328
20180627,JU1807741,A0550,2929.1328
20180627,JU1809107,A0762,2929.1328
20180801,AU1806404,A0781,2929.1328
20180801,AU1806819,A0470,2929.1328
20180801,AU1803365,A0632,2929.1328
20180802,AU1808237,A0997,2929.1328
20180803,AU1805510,A0728,2929.1328
20180807,AU1806929,A0466,2929.1328
20180808,AU1803251,A0512,2929.1328
20180808,AU1807670,A1410,2929.1328
20180809,AU1801708,A1204,2929.1328
20180810,AU1802154,A0934,2929.1328
20180816,AU1801264,A0952,2929.1328
20180820,AU1801974,A0853,2929.1328
20180821,AU1800238,A0845,2929.1328
20180822,AU1802964,A0802,2929.1328
20180822,AU1804153,A1100,2929.1328
20180823,AU1808553,A1092,2929.1328
20180828,AU1805889,A1232,2929.1328
20180829,AU1804870,A1278,2929.1328
20180830,AU1806722,A1332,2929.1328
20180831,AU1808954,A0693,2929.1328
20180831,AU1808004,A0693,2929.1328
20180903,SE1802091,A0802,2929.1328
20180904,SE1801514,A0576,2929.1328
20180905,SE1803388,A0933,2929.1328
20180906,SE1802341,A0412,2929.1328
20180906,SE1802196,A0877,2929.1328
20180906,SE1802254,A0528,2929.1328
20180906,SE1809198,A0412,2929.1328
20180907,SE1804790,A1165,2929.1328
20180911,SE1802549,A0778,2929.1328
20180911,SE1807498,A1195,2929.1328
20180911,SE1804294,A0371,2929.1328
20180917,SE1805235,A0884,2929.1328
20180917,SE1809349,A1277,2929.1328
20180917,SE1803327,A0918,2929.1328
20180918,SE1803002,A0747,2929.1328
20180918,SE1805856,A0408,2929.1328
20180921,SE1808429,A0761,2929.1328
20180921,SE1800421,A1036,2929.1328
20180921,SE1805401,A1311,2929.1328
20180924,SE1804513,A0593,2929.1328
20180924,SE1806064,A1120,2929.1328
20180925,SE1808052,A0720,2929.1328
20180926,SE1804647,A1202,2929.1328
20180926,SE1802657,A0943,2929.1328
20180927,SE1802120,A1167,2929.1328
20180927,SE1808165,A0660,2929.1328
20181003,OC1806463,A0603,2929.1328
20180403,AP1802804,A0800,1133.44
20180403,AP1804846,A0918,1133.44
20180403,AP1800149,A1343,1133.44
20180404,AP1802449,A0853,1133.44
20180406,AP1802811,A1092,1133.44
20180406,AP1808354,A1332,1133.44
20180406,AP1808748,A0464,1133.44
20180409,AP1803454,A0665,1133.44
20180411,AP1803807,A1360,1133.44
20180412,AP1805331,A0464,1133.44
20180412,AP1802868,A0815,1133.44
20180413,AP1805753,A0593,1133.44
20180416,AP1804032,A0987,1133.44
20180416,AP1806025,A0791,1133.44
20180416,AP1801742,A1002,1133.44
20180416,AP1801905,A0808,1133.44
20180417,AP1804133,A1292,1133.44
20180417,AP1805033,A0515,1133.44
20180419,AP1801446,A0641,1133.44
20180419,AP1808010,A1092,1133.44
20180419,AP1808232,A1092,1133.44
20180419,AP1804035,A0802,1133.44
20180420,AP1805137,A1232,1133.44
20180423,AP1802453,A1152,1133.44
20180423,AP1800736,A0531,1133.44
20180425,AP1807148,A0661,1133.44
20180427,AP1804290,A0815,1133.44
20180430,AP1801743,A0597,1133.44
20180501,MA1806587,A0811,1133.44
20180501,MA1800746,A0493,1133.44
20180504,MA1807291,A1197,1133.44
20180507,MA1806843,A1092,1133.44
20180509,MA1802468,A0811,1133.44
20180515,MA1800243,A1348,1133.44
20180515,MA1802127,A0462,1133.44
20180516,MA1806782,A0504,1133.44
20180516,MA1803575,A0578,1133.44
20180522,MA1807879,A0629,1133.44
20180523,MA1805063,A0771,1133.44
20180524,MA1800151,A0887,1133.44
20180524,MA1803156,A1068,1133.44
20180525,MA1809117,A1374,1133.44
20180525,MA1806584,A1057,1133.44
20180529,MA1800488,A0739,1133.44
20180529,MA1808364,A0589,1133.44
20180604,JU1803140,A0641,1133.44
20180605,JU1800166,A0660,1133.44
20180606,JU1801713,A1285,1133.44
20180606,JU1803215,A1188,1133.44
20180607,JU1801634,A0808,1133.44
20180608,JU1804665,A0428,1133.44
20180611,JU1805701,A1091,1133.44
20180612,JU1800970,A1092,1133.44
20180613,JU1801047,A0703,1133.44
20180618,JU1802059,A1348,1133.44
20180619,JU1803461,A0852,1133.44
20180620,JU1806015,A0633,1133.44
20180620,JU1806449,A1216,1133.44
20180627,JU1808557,A0706,1133.44
20180628,JU1803192,A0693,1133.44
20180628,JU1800227,A1009,1133.44
20180629,JU1800352,A1057,1133.44
20180730,JU1800526,A0728,1133.44
20180803,AU1804792,A0559,1133.44
20180803,AU1800852,A0893,1133.44
20180810,AU1807821,A0828,1133.44
20180814,AU1801485,A0519,1133.44
20180814,AU1802050,A0412,1133.44
20180815,AU1800541,A1125,1133.44
20180815,AU1801966,A0673,1133.44
20180816,AU1808799,A0959,1133.44
20180816,AU1800616,A0701,1133.44
20180817,AU1804281,A0930,1133.44
20180821,AU1807414,A0627,1133.44
20180822,AU1806986,A1370,1133.44
20180822,AU1805256,A1363,1133.44
20180822,AU1808551,A1056,1133.44
20180823,AU1804722,A1129,1133.44
20180823,AU1803687,A0357,1133.44
20180824,AU1802504,A0797,1133.44
20180827,AU1804633,A0446,1133.44
20180830,AU1806868,A1216,1133.44
20180830,AU1806712,A0933,1133.44
20180831,AU1804985,A1252,1133.44
20180905,SE1805759,A0377,1133.44
20180906,SE1809015,A0701,1133.44
20180910,SE1805213,A1139,1133.44
20180911,SE1805023,A1113,1133.44
20180911,SE1807367,A0589,1133.44
20180912,SE1802968,A1320,1133.44
20180912,SE1802782,A0462,1133.44
20180913,SE1802592,A1243,1133.44
20180914,SE1801688,A1114,1133.44
20180914,SE1803650,A0944,1133.44
20180917,SE1802443,A1314,1133.44
20180918,SE1800019,A0552,1133.44
20180920,SE1800637,A0414,1133.44
20180920,SE1803994,A0630,1133.44
20180920,SE1806193,A1236,1133.44
20180920,SE1804577,A1062,1133.44
20180924,SE1805332,A0431,1133.44
20180925,SE1805989,A0480,1133.44
20180927,SE1805893,A0377,1133.44
20180928,SE1808638,A0963,1133.44
20180928,SE1808564,A0629,1133.44
20180402,AP1801224,A1291,1619.2
20180404,AP1807529,A1290,1619.2
20180406,AP1808861,A0547,1619.2
20180409,AP1808481,A1089,1619.2
20180409,AP1803025,A0744,1619.2
20180410,AP1808089,A1279,1619.2
20180413,AP1803950,A1208,1619.2
20180413,AP1807607,A0472,1619.2
20180413,AP1807708,A0821,1619.2
20180417,AP1802030,A0419,1619.2
20180418,AP1806658,A1375,1619.2
20180418,AP1806934,A1279,1619.2
20180418,AP1804509,A1188,1619.2
20180418,AP1805340,A0987,1619.2
20180418,AP1800079,A0464,1619.2
20180419,AP1800065,A0914,1619.2
20180420,AP1800270,A0515,1619.2
20180423,AP1806446,A1360,1619.2
20180425,AP1802711,A0352,1619.2
20180430,AP1805958,A0445,1619.2
20180430,AP1804126,A0486,1619.2
20180507,MA1809063,A0816,1619.2
20180507,MA1808149,A1232,1619.2
20180507,MA1803332,A1095,1619.2
20180508,MA1804920,A1015,1619.2
20180508,MA1803072,A1146,1619.2
20180511,MA1803719,A1226,1619.2
20180516,MA1801510,A1115,1619.2
20180517,MA1802712,A0375,1619.2
20180517,MA1802268,A0977,1619.2
20180518,MA1808148,A1261,1619.2
20180523,MA1800309,A1359,1619.2
20180523,MA1806698,A0771,1619.2
20180524,MA1801255,A1269,1619.2
20180524,MA1808120,A0504,1619.2
20180525,MA1802011,A0556,1619.2
20180525,MA1800538,A0635,1619.2
20180525,MA1801453,A0607,1619.2
20180528,MA1805970,A0937,1619.2
20180528,MA1807316,A1163,1619.2
20180530,MA1803602,A1412,1619.2
20180601,JU1801651,A0633,1619.2
20180604,JU1807469,A1137,1619.2
20180605,JU1806058,A0725,1619.2
20180606,JU1808030,A0704,1619.2
20180611,JU1807202,A0583,1619.2
20180611,JU1803480,A0380,1619.2
20180611,JU1801682,A0688,1619.2
20180611,JU1802912,A1163,1619.2
20180612,JU1804354,A0893,1619.2
20180612,JU1803241,A0411,1619.2
20180614,JU1802161,A1135,1619.2
20180618,JU1801866,A1228,1619.2
20180620,JU1809302,A0534,1619.2
20180620,JU1803826,A0994,1619.2
20180621,JU1808575,A0754,1619.2
20180621,JU1803670,A1302,1619.2
20180622,JU1801094,A1039,1619.2
20180628,JU1808751,A0931,1619.2
20180802,AU1804875,A0887,1619.2
20180806,AU1802103,A1176,1619.2
20180807,AU1807814,A0461,1619.2
20180809,AU1807678,A0881,1619.2
20180809,AU1807702,A1362,1619.2
20180810,AU1805896,A0943,1619.2
20180817,AU1808679,A0519,1619.2
20180821,AU1801544,A1151,1619.2
20180821,AU1804208,A0529,1619.2
20180822,AU1803776,A0453,1619.2
20180822,AU1805917,A0557,1619.2
20180829,AU1807206,A0611,1619.2
20180829,AU1800742,A1130,1619.2
20180830,AU1800385,A1047,1619.2
20180831,AU1807351,A0673,1619.2
20180903,SE1803550,A1101,1619.2
20180903,SE1808133,A0773,1619.2
20180904,SE1801835,A0965,1619.2
20180904,SE1804891,A0972,1619.2
20180904,SE1803685,A1142,1619.2
20180907,SE1802585,A0459,1619.2
20180910,SE1806966,A0528,1619.2
20180911,SE1802849,A0856,1619.2
20180911,SE1808631,A0578,1619.2
20180914,SE1809082,A0583,1619.2
20180918,SE1803224,A1036,1619.2
20180918,SE1807339,A1067,1619.2
20180918,SE1806606,A0830,1619.2
20180918,SE1802686,A0422,1619.2
20180919,SE1802067,A0997,1619.2
20180919,SE1807183,A0681,1619.2
20180919,SE1807513,A1413,1619.2
20180919,SE1808504,A0988,1619.2
20180921,SE1803845,A1299,1619.2
20180924,SE1808906,A1274,1619.2
20180925,SE1808922,A1201,1619.2
20180926,SE1803008,A0686,1619.2
20180926,SE1803374,A0632,1619.2
20180926,SE1803800,A0380,1619.2
20180927,SE1808252,A0703,1619.2
20180928,SE1801509,A0693,1619.2
20180928,SE1809003,A1299,1619.2
20180226,FE1801807,A0922,413.6
20180301,MA1809153,A0993,413.6
20180302,MA1807407,A0542,413.6
20180302,MA1801894,A1306,413.6
20180305,MA1804453,A0990,413.6
20180305,MA1808123,A0660,413.6
20180305,MA1802961,A1214,413.6
20180305,MA1806173,A1133,413.6
20180305,MA1804390,A1316,413.6
20180306,MA1806192,A1360,413.6
20180307,MA1808500,A0760,413.6
20180308,MA1807219,A1308,413.6
20180309,MA1801243,A0743,413.6
20180312,MA1802336,A0459,413.6
20180313,MA1803691,A0368,413.6
20180313,MA1802990,A0407,413.6
20180313,MA1801783,A1361,413.6
20180313,MA1808057,A1240,413.6
20180313,MA1801447,A1415,413.6
20180313,MA1806397,A0582,413.6
20180313,MA1800476,A0412,413.6
20180315,MA1808099,A0839,413.6
20180315,MA1806200,A0642,413.6
20180316,MA1806957,A0462,413.6
20180316,MA1800071,A0890,413.6
20180319,MA1800037,A1293,413.6
20180320,MA1808286,A0927,413.6
20180320,MA1806599,A1124,413.6
20180321,MA1804803,A0715,413.6
20180321,MA1800486,A1382,413.6
20180321,MA1804614,A0992,413.6
20180322,MA1804231,A0519,413.6
20180322,MA1807400,A1095,413.6
20180323,MA1800129,A1163,413.6
20180323,MA1808009,A1286,413.6
20180323,MA1801677,A0616,413.6
20180326,MA1802134,A1409,413.6
20180327,MA1806622,A0512,413.6
20180328,MA1800251,A0864,413.6
20180328,MA1800295,A0377,413.6
20180329,MA1809305,A1002,413.6
20180329,MA1800668,A0746,413.6
20180329,MA1803751,A0408,413.6
20181001,OC1806273,A0497,413.6
20181001,OC1806942,A0506,413.6
20181002,OC1805976,A0673,413.6
20181002,OC1804183,A1307,413.6
20181002,OC1808988,A0763,413.6
20181002,OC1805926,A1018,413.6
20181003,OC1806813,A1285,413.6
20181004,OC1809378,A1411,413.6
20181004,OC1807217,A1240,413.6
20181005,OC1800187,A1120,413.6
20181008,OC1802955,A0684,413.6
20181009,OC1806178,A0607,413.6
20181009,OC1804325,A0660,413.6
20181009,OC1808299,A1020,413.6
20181010,OC1806395,A1236,413.6
20181010,OC1803073,A0655,413.6
20181011,OC1804161,A1139,413.6
20181011,OC1800092,A1226,413.6
20181011,OC1804254,A1225,413.6
20181012,OC1806925,A1100,413.6
20181015,OC1808705,A0765,413.6
20181015,OC1800964,A0808,413.6
20181016,OC1808015,A0800,413.6
20181016,OC1802299,A0547,413.6
20181016,OC1803884,A0761,413.6
20181016,OC1804922,A0515,413.6
20181016,OC1803016,A1297,413.6
20181017,OC1807551,A0512,413.6
20181017,OC1802187,A0696,413.6
20181018,OC1807922,A0404,413.6
20181018,OC1809282,A0742,413.6
20181018,OC1803598,A1067,413.6
20181018,OC1808105,A0387,413.6
20181019,OC1806701,A0393,413.6
20181019,OC1802907,A1302,413.6
20181022,OC1800856,A0897,413.6
20181023,OC1803595,A0472,413.6
20181023,OC1809213,A1058,413.6
20181023,OC1809345,A1403,413.6
20181024,OC1801356,A1397,413.6
20181024,OC1802790,A0630,413.6
20181024,OC1806786,A1415,413.6
20181025,OC1805009,A1150,413.6
20181025,OC1808439,A0892,413.6
20181025,OC1803036,A1197,413.6
20181025,OC1806660,A1320,413.6
20181026,OC1801314,A0519,413.6
20181029,OC1802429,A1120,413.6
20181029,OC1805505,A0529,413.6
20181030,OC1808456,A0903,413.6
20181030,OC1807461,A1406,413.6
20181031,OC1804367,A1242,413.6
20181031,OC1800635,A1296,413.6
20181101,NO1803679,A0504,413.6
20181102,NO1800658,A1210,413.6
20180403,AP1801060,A0601,1943.04
20180403,AP1803743,A0799,1943.04
20180405,AP1808388,A1362,1943.04
20180405,AP1802130,A1116,1943.04
20180406,AP1805600,A0356,1943.04
20180409,AP1800440,A0610,1943.04
20180410,AP1806820,A0352,1943.04
20180410,AP1803787,A1353,1943.04
20180412,AP1807203,A1334,1943.04
20180417,AP1805588,A0458,1943.04
20180419,AP1801877,A0514,1943.04
20180426,AP1807130,A1027,1943.04
20180430,AP1809298,A1100,1943.04
20180430,AP1804655,A1278,1943.04
20180501,MA1801185,A0817,1943.04
20180501,MA1809094,A0881,1943.04
20180502,MA1802132,A1176,1943.04
20180503,MA1804798,A1060,1943.04
20180503,MA1807273,A0716,1943.04
20180503,MA1806732,A1116,1943.04
20180504,MA1803028,A0625,1943.04
20180507,MA1802981,A1187,1943.04
20180509,MA1802558,A1090,1943.04
20180509,MA1800806,A1093,1943.04
20180509,MA1807530,A1007,1943.04
20180511,MA1802985,A1144,1943.04
20180514,MA1803561,A0457,1943.04
20180516,MA1801167,A1135,1943.04
20180517,MA1805049,A1412,1943.04
20180522,MA1809119,A1150,1943.04
20180522,MA1809209,A0910,1943.04
20180522,MA1805558,A1413,1943.04
20180522,MA1805642,A1406,1943.04
20180524,MA1807613,A1307,1943.04
20180524,MA1809206,A1167,1943.04
20180524,MA1800846,A1092,1943.04
20180525,MA1800540,A0878,1943.04
20180530,MA1800765,A1014,1943.04
20180601,JU1804676,A0800,1943.04
20180604,JU1809309,A1260,1943.04
20180604,JU1803383,A0438,1943.04
20180604,JU1800399,A0785,1943.04
20180604,JU1804596,A0453,1943.04
20180606,JU1807564,A0781,1943.04
20180606,JU1804485,A1236,1943.04
20180606,JU1800278,A1367,1943.04
20180611,JU1803914,A0431,1943.04
20180612,JU1800770,A0412,1943.04
20180613,JU1801814,A0701,1943.04
20180614,JU1804813,A1271,1943.04
20180614,JU1808163,A1240,1943.04
20180615,JU1805314,A1374,1943.04
20180619,JU1802247,A0742,1943.04
20180622,JU1803325,A0744,1943.04
20180625,JU1809295,A1338,1943.04
20180626,JU1807143,A0763,1943.04
20180629,JU1801915,A1007,1943.04
20180803,AU1800125,A0597,1943.04
20180803,AU1807454,A1149,1943.04
20180803,AU1800415,A0708,1943.04
20180807,AU1801964,A0880,1943.04
20180808,AU1803436,A1296,1943.04
20180808,AU1800290,A1403,1943.04
20180810,AU1806755,A1164,1943.04
20180814,AU1803257,A1226,1943.04
20180816,AU1804395,A0665,1943.04
20180817,AU1806590,A0611,1943.04
20180820,AU1808604,A0702,1943.04
20180820,AU1800284,A0987,1943.04
20180820,AU1802665,A0528,1943.04
20180821,AU1800993,A0861,1943.04
20180822,AU1806211,A0681,1943.04
20180823,AU1804379,A0816,1943.04
20180823,AU1808212,A0846,1943.04
20180827,AU1800029,A0466,1943.04
20180827,AU1802950,A1149,1943.04
20180827,AU1802754,A1038,1943.04
20180830,AU1802332,A0753,1943.04
20180830,AU1806141,A1101,1943.04
20180831,AU1807528,A0693,1943.04
20180831,AU1804210,A1370,1943.04
20180831,AU1803253,A1311,1943.04
20180906,SE1801232,A0943,1943.04
20180906,SE1801681,A0369,1943.04
20180910,SE1807885,A0952,1943.04
20180910,SE1802272,A0627,1943.04
20180911,SE1801412,A1124,1943.04
20180912,SE1802162,A0493,1943.04
20180913,SE1803507,A0982,1943.04
20180914,SE1806999,A1373,1943.04
20180919,SE1808966,A0725,1943.04
20180921,SE1804204,A1003,1943.04
20180924,SE1800988,A1240,1943.04
20180926,SE1809071,A0843,1943.04
20180928,SE1803609,A0801,1943.04
20180402,AP1806548,A0375,1416.8
20180402,AP1801200,A0878,1416.8
20180403,AP1804880,A0835,1416.8
20180410,AP1806988,A1076,1416.8
20180411,AP1801917,A1162,1416.8
20180412,AP1801926,A0528,1416.8
20180412,AP1807596,A1338,1416.8
20180413,AP1801430,A1313,1416.8
20180416,AP1809258,A1208,1416.8
20180416,AP1800534,A1167,1416.8
20180417,AP1802502,A0928,1416.8
20180417,AP1806159,A0716,1416.8
20180417,AP1802448,A1067,1416.8
20180418,AP1801352,A1409,1416.8
20180420,AP1805682,A1258,1416.8
20180423,AP1809347,A0747,1416.8
20180424,AP1805835,A1116,1416.8
20180501,MA1807657,A0514,1416.8
20180503,MA1803656,A1406,1416.8
20180507,MA1806983,A0404,1416.8
20180508,MA1801982,A0897,1416.8
20180509,MA1804533,A0754,1416.8
20180510,MA1802321,A0428,1416.8
20180515,MA1805421,A0842,1416.8
20180515,MA1806512,A1362,1416.8
20180515,MA1808124,A0473,1416.8
20180518,MA1802229,A0965,1416.8
20180522,MA1801616,A0990,1416.8
20180524,MA1804948,A1195,1416.8
20180525,MA1805786,A0688,1416.8
20180529,MA1807437,A0869,1416.8
20180529,MA1805179,A1067,1416.8
20180530,MA1806904,A1306,1416.8
20180531,MA1805703,A0786,1416.8
20180531,MA1800189,A0990,1416.8
20180601,JU1800973,A0404,1416.8
20180604,JU1800210,A0927,1416.8
20180605,JU1801517,A1353,1416.8
20180606,JU1808069,A1065,1416.8
20180606,JU1808075,A1162,1416.8
20180608,JU1805594,A0701,1416.8
20180608,JU1803985,A1332,1416.8
20180612,JU1807135,A0559,1416.8
20180614,JU1804335,A0845,1416.8
20180614,JU1803706,A0921,1416.8
20180614,JU1805928,A0961,1416.8
20180614,JU1806894,A1100,1416.8
20180615,JU1801750,A0582,1416.8
20180618,JU1800598,A0467,1416.8
20180618,JU1805494,A1381,1416.8
20180620,JU1801498,A0862,1416.8
20180620,JU1800565,A0796,1416.8
20180620,JU1807677,A0457,1416.8
20180621,JU1801663,A0887,1416.8
20180622,JU1806174,A0982,1416.8
20180622,JU1804650,A0946,1416.8
20180625,JU1807565,A1274,1416.8
20180625,JU1808949,A0922,1416.8
20180626,JU1800038,A0762,1416.8
20180628,JU1803655,A0660,1416.8
20180628,JU1801747,A0426,1416.8
20180801,AU1807578,A1003,1416.8
20180801,AU1802148,A0944,1416.8
20180803,AU1807337,A0421,1416.8
20180807,AU1803947,A0815,1416.8
20180807,AU1805189,A0531,1416.8
20180807,AU1801678,A0559,1416.8
20180807,AU1803987,A1102,1416.8
20180808,AU1807938,A1217,1416.8
20180814,AU1808965,A1181,1416.8
20180814,AU1804407,A0556,1416.8
20180815,AU1806010,A0519,1416.8
20180815,AU1808793,A0703,1416.8
20180816,AU1806118,A1416,1416.8
20180821,AU1800611,A0690,1416.8
20180822,AU1807815,A0422,1416.8
20180822,AU1806419,A0798,1416.8
20180827,AU1802479,A0916,1416.8
20180828,AU1808401,A0679,1416.8
20180828,AU1803966,A1343,1416.8
20180830,AU1803469,A1278,1416.8
20180831,AU1804240,A1188,1416.8
20180905,SE1808570,A1221,1416.8
20180905,SE1808501,A0808,1416.8
20180906,SE1807251,A0977,1416.8
20180910,SE1805271,A0480,1416.8
20180913,SE1800418,A0450,1416.8
20180917,SE1807281,A1206,1416.8
20180921,SE1807953,A1276,1416.8
20180925,SE1807037,A0893,1416.8
20180925,SE1803438,A0773,1416.8
20180926,SE1809194,A1215,1416.8
20180926,SE1802872,A1282,1416.8
20180927,SE1809164,A0744,1416.8
20181005,OC1809261,A0459,1416.8
20180104,JA1806944,A1269,329.12
20180105,JA1802375,A0629,329.12
20180105,JA1800606,A0350,329.12
20180108,JA1803161,A0552,329.12
20180108,JA1808380,A0431,329.12
20180108,JA1809287,A0893,329.12
20180110,JA1806351,A1255,329.12
20180110,JA1802359,A0982,329.12
20180112,JA1802094,A0918,329.12
20180115,JA1800938,A0887,329.12
20180116,JA1808800,A0986,329.12
20180116,JA1802200,A1067,329.12
20180116,JA1802721,A1163,329.12
20180118,JA1803589,A1079,329.12
20180118,JA1804600,A0811,329.12
20180118,JA1807993,A1202,329.12
20180122,JA1805022,A1412,329.12
20180122,JA1802494,A0497,329.12
20180123,JA1804828,A0478,329.12
20180123,JA1803093,A1161,329.12
20180123,JA1801834,A1002,329.12
20180124,JA1808487,A0496,329.12
20180125,JA1809212,A0853,329.12
20180129,JA1805448,A1208,329.12
20180129,JA1808029,A0350,329.12
20180130,JA1805873,A1186,329.12
20180130,JA1805221,A0657,329.12
20180202,FE1806480,A0743,329.12
20180205,FE1806452,A0458,329.12
20180206,FE1807996,A0665,329.12
20180206,FE1807431,A1254,329.12
20180208,FE1802414,A0655,329.12
20180209,FE1803118,A1297,329.12
20180212,FE1804512,A0826,329.12
20180216,FE1801883,A1325,329.12
20180219,FE1806597,A1164,329.12
20180220,FE1804237,A1226,329.12
20180221,FE1801949,A0385,329.12
20180221,FE1805655,A0377,329.12
20180222,FE1807595,A0445,329.12
20180226,FE1803559,A0799,329.12
20180226,FE1806724,A0930,329.12
20181029,OC1808798,A1312,329.12
20181106,NO1802093,A1056,329.12
20181106,NO1800549,A1050,329.12
20181107,NO1808920,A0701,329.12
20181107,NO1808804,A1334,329.12
20181112,NO1805918,A1334,329.12
20181113,NO1803504,A1337,329.12
20181114,NO1809124,A0952,329.12
20181115,NO1808953,A0871,329.12
20181115,NO1807326,A1193,329.12
20181116,NO1803744,A0903,329.12
20181119,NO1803490,A0743,329.12
20181120,NO1802401,A0427,329.12
20181122,NO1803657,A0643,329.12
20181127,NO1808047,A0771,329.12
20181127,NO1804594,A0867,329.12
20181129,NO1802612,A0709,329.12
20181129,NO1805711,A1277,329.12
20181129,NO1802708,A1014,329.12
20181203,DE1808263,A0495,329.12
20181204,DE1804939,A0771,329.12
20181204,DE1807514,A1286,329.12
20181205,DE1801480,A0743,329.12
20181205,DE1803103,A0512,329.12
20181205,DE1805624,A0513,329.12
20181211,DE1804663,A1162,329.12
20181212,DE1807555,A0513,329.12
20181212,DE1802953,A0798,329.12
20181213,DE1801289,A1353,329.12
20181213,DE1805908,A0801,329.12
20181218,DE1807352,A1292,329.12
20181219,DE1800886,A1120,329.12
20181219,DE1809217,A0944,329.12
20181219,DE1803382,A1251,329.12
20181221,DE1805438,A0998,329.12
20181224,DE1809277,A1015,329.12
20181224,DE1802644,A1055,329.12
20181224,DE1805569,A1215,329.12
20181224,DE1806344,A0890,329.12
20181224,DE1807955,A1202,329.12
20181225,DE1802384,A0879,329.12
20181225,DE1804043,A0587,329.12
20181226,DE1803489,A0693,329.12
20181226,DE1803972,A1331,329.12
20181226,DE1802155,A1064,329.12
20181227,DE1807668,A0987,329.12
20181227,DE1804915,A1228,329.12
20181228,DE1802411,A0530,329.12
20190101,JA1906828,A1406,329.12
20190101,JA1900792,A1076,329.12
20190103,JA1907647,A0864,329.12
20190104,JA1908614,A0982,329.12
20180402,AP1805837,A0808,1045
20180403,AP1804629,A0761,1045
20180403,AP1807440,A1390,1045
20180406,AP1801530,A0993,1045
20180410,AP1803843,A1239,1045
20180413,AP1807033,A0922,1045
20180416,AP1807590,A1287,1045
20180423,AP1807811,A0690,1045
20180425,AP1803032,A0686,1045
20180425,AP1807570,A0933,1045
20180426,AP1808502,A1419,1045
20180501,MA1806291,A1292,1045
20180501,MA1802682,A0997,1045
20180503,MA1802826,A0678,1045
20180504,MA1800679,A1326,1045
20180507,MA1803127,A0380,1045
20180507,MA1806800,A1089,1045
20180508,MA1804787,A1284,1045
20180508,MA1803050,A0709,1045
20180509,MA1807196,A0745,1045
20180510,MA1808102,A0753,1045
20180511,MA1807038,A0458,1045
20180511,MA1801391,A0375,1045
20180514,MA1809319,A1419,1045
20180516,MA1809292,A0678,1045
20180516,MA1800842,A0493,1045
20180518,MA1807284,A0473,1045
20180522,MA1805307,A0945,1045
20180522,MA1804073,A0602,1045
20180523,MA1809048,A0365,1045
20180523,MA1809250,A0710,1045
20180524,MA1807768,A1360,1045
20180528,MA1807554,A1271,1045
20180530,MA1801878,A1302,1045
20180530,MA1803887,A0987,1045
20180601,JU1804921,A1369,1045
20180606,JU1807720,A0574,1045
20180607,JU1807393,A1036,1045
20180613,JU1803839,A0659,1045
20180613,JU1800690,A1240,1045
20180618,JU1804430,A0351,1045
20180618,JU1806748,A0987,1045
20180619,JU1808254,A0815,1045
20180619,JU1808513,A0686,1045
20180620,JU1802400,A0931,1045
20180621,JU1802292,A0380,1045
20180622,JU1809192,A1292,1045
20180627,JU1801263,A1212,1045
20180627,JU1808746,A1100,1045
20180801,AU1800196,A0800,1045
20180802,AU1806965,A1202,1045
20180802,AU1809145,A1232,1045
20180806,AU1807083,A0536,1045
20180807,AU1803175,A0826,1045
20180807,AU1802244,A0965,1045
20180809,AU1801699,A1407,1045
20180809,AU1800381,A0673,1045
20180809,AU1806794,A0938,1045
20180810,AU1800641,A1212,1045
20180810,AU1800221,A0616,1045
20180813,AU1806341,A1131,1045
20180813,AU1806769,A0869,1045
20180816,AU1801955,A0761,1045
20180817,AU1806553,A0548,1045
20180820,AU1804074,A0504,1045
20180821,AU1808253,A1153,1045
20180823,AU1809252,A1336,1045
20180823,AU1808115,A1306,1045
20180823,AU1806933,A0993,1045
20180824,AU1807222,A0933,1045
20180827,AU1802146,A0930,1045
20180827,AU1802850,A0497,1045
20180831,AU1802775,A1293,1045
20180831,AU1800683,A0795,1045
20180903,SE1803613,A1124,1045
20180905,SE1802435,A1407,1045
20180906,SE1802421,A0815,1045
20180907,SE1800389,A0375,1045
20180907,SE1805694,A0601,1045
20180907,SE1802508,A0382,1045
20180910,SE1808122,A1119,1045
20180912,SE1803842,A1057,1045
20180912,SE1802684,A1334,1045
20180912,SE1807021,A0830,1045
20180912,SE1800490,A0992,1045
20180912,SE1806234,A1163,1045
20180914,SE1800580,A1319,1045
20180914,SE1806012,A0480,1045
20180918,SE1801575,A1118,1045
20180919,SE1807692,A1316,1045
20180926,SE1803185,A0494,1045
20180928,SE1805124,A0963,1045
20180928,SE1804972,A0835,1045
20180102,JA1807201,A0667,2843.07264
20180102,JA1803169,A1014,2843.07264
20180105,JA1802797,A0810,2843.07264
20180105,JA1806773,A0696,2843.07264
20180105,JA1802426,A1236,2843.07264
20180108,JA1804467,A0744,2843.07264
20180109,JA1807457,A0696,2843.07264
20180109,JA1806408,A0949,2843.07264
20180109,JA1803418,A1197,2843.07264
20180112,JA1808645,A0907,2843.07264
20180115,JA1800200,A0422,2843.07264
20180115,JA1801568,A0512,2843.07264
20180116,JA1800640,A1410,2843.07264
20180117,JA1806334,A1363,2843.07264
20180122,JA1802796,A1381,2843.07264
20180122,JA1807342,A0990,2843.07264
20180123,JA1802808,A0589,2843.07264
20180124,JA1805842,A0593,2843.07264
20180126,JA1805643,A0709,2843.07264
20180126,JA1800759,A1068,2843.07264
20180126,JA1804617,A0679,2843.07264
20180130,JA1800660,A0708,2843.07264
20180130,JA1805161,A0907,2843.07264
20180130,JA1808483,A0919,2843.07264
20180131,JA1807175,A0566,2843.07264
20180201,FE1805828,A1030,2843.07264
20180205,FE1806641,A0837,2843.07264
20180206,FE1803976,A1191,2843.07264
20180206,FE1801719,A0867,2843.07264
20180206,FE1806945,A0845,2843.07264
20180208,FE1808037,A0707,2843.07264
20180209,FE1806949,A1073,2843.07264
20180212,FE1803891,A1057,2843.07264
20180214,FE1804864,A0776,2843.07264
20180221,FE1804192,A0918,2843.07264
20180221,FE1806297,A0994,2843.07264
20180222,FE1808321,A0690,2843.07264
20180222,FE1806710,A0765,2843.07264
20180222,FE1806744,A0452,2843.07264
20180222,FE1804569,A0982,2843.07264
20180223,FE1802419,A0415,2843.07264
20180223,FE1803385,A1367,2843.07264
20180226,FE1806476,A0835,2843.07264
20180227,FE1804683,A1035,2843.07264
20180228,FE1800850,A0987,2843.07264
20180228,FE1800655,A1292,2843.07264
20181101,NO1804179,A1153,2843.07264
20181101,NO1807275,A0903,2843.07264
20181108,NO1803942,A0353,2843.07264
20181108,NO1800487,A0897,2843.07264
20181112,NO1807476,A1410,2843.07264
20181112,NO1801372,A0693,2843.07264
20181112,NO1800902,A1297,2843.07264
20181113,NO1801107,A0387,2843.07264
20181116,NO1808838,A1009,2843.07264
20181119,NO1803208,A0702,2843.07264
20181119,NO1800131,A0506,2843.07264
20181119,NO1803021,A1240,2843.07264
20181120,NO1805087,A0942,2843.07264
20181121,NO1800156,A1320,2843.07264
20181121,NO1804072,A0557,2843.07264
20181121,NO1808607,A0375,2843.07264
20181122,NO1804415,A1325,2843.07264
20181127,NO1802366,A1381,2843.07264
20181129,NO1801590,A0409,2843.07264
20181129,NO1804531,A0861,2843.07264
20181129,NO1800416,A1187,2843.07264
20181129,NO1807961,A0955,2843.07264
20181130,NO1804534,A1214,2843.07264
20181130,NO1802201,A0930,2843.07264
20181203,DE1803520,A0375,2843.07264
20181203,DE1801055,A0869,2843.07264
20181204,DE1806809,A0354,2843.07264
20181210,DE1806579,A0456,2843.07264
20181211,DE1807792,A0519,2843.07264
20181213,DE1808934,A0953,2843.07264
20181217,DE1803279,A1305,2843.07264
20181218,DE1806030,A0497,2843.07264
20181218,DE1808618,A0835,2843.07264
20181219,DE1800724,A1253,2843.07264
20181219,DE1806353,A0869,2843.07264
20181220,DE1805227,A0802,2843.07264
20181220,DE1807650,A1381,2843.07264
20181221,DE1800881,A0906,2843.07264
20181224,DE1800412,A0742,2843.07264
20181225,DE1800788,A0890,2843.07264
20181225,DE1801508,A1188,2843.07264
20181226,DE1800864,A0789,2843.07264
20181226,DE1808031,A1039,2843.07264
20181227,DE1808834,A0749,2843.07264
20181227,DE1805525,A1057,2843.07264
20190102,JA1906305,A0516,2843.07264
20190104,JA1904707,A0763,2843.07264
20180402,AP1806638,A1369,2024
20180403,AP1809074,A1278,2024
20180404,AP1802304,A0895,2024
20180404,AP1804466,A0531,2024
20180406,AP1807599,A0357,2024
20180410,AP1800474,A1013,2024
20180411,AP1803801,A0944,2024
20180412,AP1802269,A0412,2024
20180412,AP1802773,A1296,2024
20180412,AP1803516,A1054,2024
20180412,AP1801054,A1020,2024
20180413,AP1803939,A0575,2024
20180417,AP1807914,A1362,2024
20180419,AP1806881,A0862,2024
20180419,AP1805599,A0798,2024
20180420,AP1804712,A1302,2024
20180423,AP1803331,A1128,2024
20180423,AP1806516,A0701,2024
20180424,AP1806277,A0496,2024
20180426,AP1805945,A0429,2024
20180427,AP1802785,A1069,2024
20180427,AP1804771,A1381,2024
20180430,AP1807801,A1142,2024
20180503,MA1800803,A1193,2024
20180504,MA1804945,A1064,2024
20180507,MA1807389,A1214,2024
20180511,MA1802691,A0356,2024
20180514,MA1803721,A1100,2024
20180514,MA1805370,A0443,2024
20180515,MA1802095,A0737,2024
20180517,MA1803805,A0502,2024
20180517,MA1805780,A1089,2024
20180518,MA1803697,A0836,2024
20180521,MA1804442,A0445,2024
20180522,MA1804013,A1323,2024
20180522,MA1806806,A0704,2024
20180522,MA1805250,A1341,2024
20180523,MA1803381,A1390,2024
20180524,MA1808634,A0887,2024
20180525,MA1801286,A0531,2024
20180528,MA1801139,A1320,2024
20180529,MA1801018,A0942,2024
20180531,MA1800890,A0411,2024
20180531,MA1808091,A0919,2024
20180606,JU1807580,A0422,2024
20180606,JU1802226,A1237,2024
20180608,JU1800827,A0945,2024
20180608,JU1801236,A1343,2024
20180613,JU1803570,A0481,2024
20180613,JU1809142,A1056,2024
20180614,JU1803897,A1089,2024
20180615,JU1804755,A0771,2024
20180619,JU1804653,A1106,2024
20180620,JU1806136,A0925,2024
20180620,JU1806439,A0586,2024
20180621,JU1802432,A0493,2024
20180622,JU1805430,A1057,2024
20180625,JU1807598,A0512,2024
20180626,JU1800576,A1251,2024
20180626,JU1801685,A0472,2024
20180626,JU1802685,A0731,2024
20180629,JU1805632,A1299,2024
20180802,AU1805304,A1029,2024
20180806,AU1802563,A0972,2024
20180806,AU1806626,A0905,2024
20180807,AU1800590,A1276,2024
20180807,AU1802099,A0552,2024
20180808,AU1803707,A0445,2024
20180809,AU1802598,A0961,2024
20180813,AU1804896,A0987,2024
20180815,AU1805794,A1103,2024
20180815,AU1802972,A1274,2024
20180820,AU1802267,A0673,2024
20180821,AU1804440,A1009,2024
20180823,AU1804004,A1307,2024
20180823,AU1805791,A0916,2024
20180828,AU1806220,A0965,2024
20180830,AU1802734,A0862,2024
20180831,AU1808431,A0918,2024
20180903,SE1807188,A1136,2024
20180904,SE1808891,A0446,2024
20180906,SE1800546,A0880,2024
20180910,SE1806380,A0382,2024
20180910,SE1806185,A0716,2024
20180911,SE1807312,A1055,2024
20180920,SE1801532,A0774,2024
20180920,SE1806759,A0852,2024
20180920,SE1807467,A1050,2024
20180920,SE1804731,A1003,2024
20180925,SE1801272,A0781,2024
20180925,SE1801251,A0655,2024
20180927,SE1808589,A0709,2024
20180103,JA1806249,A0887,1576.96
20180103,JA1804989,A1142,1576.96
20180105,JA1804414,A1375,1576.96
20180109,JA1809376,A1357,1576.96
20180111,JA1806632,A0607,1576.96
20180111,JA1800094,A0690,1576.96
20180111,JA1808226,A0952,1576.96
20180112,JA1805851,A0552,1576.96
20180112,JA1800380,A1285,1576.96
20180112,JA1803149,A0764,1576.96
20180117,JA1801155,A0629,1576.96
20180117,JA1806406,A1095,1576.96
20180118,JA1806883,A0963,1576.96
20180118,JA1804018,A0853,1576.96
20180118,JA1807505,A0916,1576.96
20180119,JA1803473,A1083,1576.96
20180119,JA1805083,A0813,1576.96
20180124,JA1806814,A0375,1576.96
20180125,JA1803033,A1162,1576.96
20180126,JA1806991,A0630,1576.96
20180129,JA1806690,A1260,1576.96
20180129,JA1806823,A0552,1576.96
20180129,JA1807527,A0607,1576.96
20180130,JA1805622,A0544,1576.96
20180131,JA1803611,A0640,1576.96
20180201,FE1803921,A0510,1576.96
20180201,FE1806415,A0915,1576.96
20180206,FE1804097,A1062,1576.96
20180206,FE1806585,A0629,1576.96
20180207,FE1804182,A0506,1576.96
20180212,FE1802543,A0760,1576.96
20180212,FE1803237,A1110,1576.96
20180214,FE1806500,A1403,1576.96
20180214,FE1801490,A0778,1576.96
20180214,FE1804107,A0771,1576.96
20180214,FE1801667,A0583,1576.96
20180219,FE1808131,A1348,1576.96
20180226,FE1807363,A1363,1576.96
20180227,FE1808892,A0903,1576.96
20180228,FE1808853,A0720,1576.96
20181101,NO1806054,A0494,1576.96
20181101,NO1800913,A1076,1576.96
20181105,NO1802554,A1039,1576.96
20181106,NO1807813,A0444,1576.96
20181106,NO1807029,A1293,1576.96
20181107,NO1802450,A0474,1576.96
20181108,NO1809318,A1386,1576.96
20181112,NO1802069,A1103,1576.96
20181113,NO1800784,A0510,1576.96
20181114,NO1805416,A1167,1576.96
20181115,NO1801064,A1130,1576.96
20181116,NO1802348,A0693,1576.96
20181116,NO1800308,A0942,1576.96
20181116,NO1800639,A0873,1576.96
20181119,NO1802866,A1161,1576.96
20181119,NO1803957,A1257,1576.96
20181120,NO1808441,A1241,1576.96
20181120,NO1805306,A0559,1576.96
20181121,NO1809314,A0633,1576.96
20181121,NO1807687,A1325,1576.96
20181121,NO1801841,A0655,1576.96
20181121,NO1807844,A0842,1576.96
20181122,NO1808890,A0445,1576.96
20181123,NO1806040,A0945,1576.96
20181126,NO1808176,A0615,1576.96
20181127,NO1800558,A0862,1576.96
20181130,NO1802319,A0994,1576.96
20181130,NO1804291,A0375,1576.96
20181203,DE1802123,A0785,1576.96
20181205,DE1804062,A1138,1576.96
20181206,DE1805520,A0684,1576.96
20181206,DE1806298,A0496,1576.96
20181210,DE1808330,A1072,1576.96
20181210,DE1807867,A1306,1576.96
20181211,DE1805121,A0726,1576.96
20181212,DE1805212,A0627,1576.96
20181213,DE1805151,A0648,1576.96
20181213,DE1804725,A0522,1576.96
20181214,DE1802197,A1055,1576.96
20181214,DE1807068,A0632,1576.96
20181217,DE1801162,A0742,1576.96
20181218,DE1801519,A0905,1576.96
20181219,DE1800528,A0512,1576.96
20181220,DE1801662,A1076,1576.96
20181224,DE1805073,A0593,1576.96
20181225,DE1808859,A0994,1576.96
20181226,DE1808636,A1159,1576.96
20181227,DE1805801,A0997,1576.96
20181227,DE1808811,A0982,1576.96
20181228,DE1805973,A1348,1576.96
20190103,JA1901631,A0679,1576.96
20190104,JA1907991,A0952,1576.96
20180402,AP1807267,A1095,744.876
20180402,AP1802329,A1063,744.876
20180404,AP1808715,A1285,744.876
20180405,AP1803122,A1249,744.876
20180406,AP1807559,A0826,744.876
20180406,AP1804718,A1413,744.876
20180409,AP1800937,A0495,744.876
20180410,AP1803056,A1188,744.876
20180410,AP1808972,A0761,744.876
20180413,AP1806686,A0824,744.876
20180416,AP1801666,A0365,744.876
20180418,AP1808967,A0803,744.876
20180419,AP1806992,A1007,744.876
20180419,AP1802236,A1254,744.876
20180420,AP1804957,A1307,744.876
20180423,AP1804887,A1007,744.876
20180424,AP1803417,A0811,744.876
20180425,AP1806103,A0720,744.876
20180426,AP1808277,A1367,744.876
20180427,AP1802792,A1164,744.876
20180430,AP1804261,A1416,744.876
20180501,MA1808771,A1000,744.876
20180501,MA1800363,A0559,744.876
20180502,MA1800091,A0607,744.876
20180502,MA1806320,A1182,744.876
20180503,MA1803844,A1216,744.876
20180504,MA1801306,A1323,744.876
20180511,MA1807791,A1118,744.876
20180514,MA1801903,A0643,744.876
20180515,MA1807376,A0854,744.876
20180517,MA1806974,A1260,744.876
20180521,MA1806487,A0801,744.876
20180521,MA1802901,A1118,744.876
20180523,MA1806418,A1067,744.876
20180524,MA1800171,A0903,744.876
20180529,MA1807402,A0630,744.876
20180531,MA1806017,A1372,744.876
20180601,JU1805364,A0408,744.876
20180605,JU1804962,A0955,744.876
20180607,JU1801898,A0686,744.876
20180607,JU1805608,A1036,744.876
20180611,JU1801505,A1182,744.876
20180611,JU1807235,A0514,744.876
20180612,JU1808390,A1193,744.876
20180613,JU1800989,A0988,744.876
20180614,JU1802326,A0557,744.876
20180615,JU1800353,A0708,744.876
20180618,JU1808058,A0720,744.876
20180619,JU1806637,A1413,744.876
20180620,JU1802477,A0456,744.876
20180621,JU1808065,A1345,744.876
20180621,JU1807049,A0632,744.876
20180626,JU1808427,A1302,744.876
20180626,JU1803566,A0884,744.876
20180628,JU1803416,A1381,744.876
20180801,AU1807456,A0877,744.876
20180801,AU1808416,A1202,744.876
20180801,AU1806197,A1357,744.876
20180801,AU1804749,A1349,744.876
20180807,AU1806302,A0627,744.876
20180808,AU1806891,A0724,744.876
20180810,AU1808699,A1142,744.876
20180810,AU1808731,A1370,744.876
20180813,AU1805316,A0943,744.876
20180813,AU1808926,A0708,744.876
20180815,AU1807553,A0438,744.876
20180815,AU1804502,A0942,744.876
20180816,AU1802300,A0761,744.876
20180817,AU1805323,A0781,744.876
20180820,AU1808022,A0950,744.876
20180822,AU1801104,A0412,744.876
20180823,AU1805001,A0881,744.876
20180824,AU1802275,A1353,744.876
20180824,AU1800884,A1271,744.876
20180830,AU1801451,A0918,744.876
20180830,AU1802024,A0830,744.876
20180831,AU1804104,A0744,744.876
20180831,AU1809306,A0862,744.876
20180904,SE1808121,A0576,744.876
20180904,SE1804804,A1164,744.876
20180904,SE1805079,A1078,744.876
20180906,SE1808403,A1323,744.876
20180907,SE1803277,A0869,744.876
20180910,SE1803551,A0743,744.876
20180912,SE1803864,A1277,744.876
20180918,SE1804958,A0943,744.876
20180921,SE1808486,A1402,744.876
20180921,SE1801024,A0761,744.876
20181002,OC1805495,A0581,744.876
20180102,JA1808241,A0403,1103.872
20180102,JA1806618,A1345,1103.872
20180103,JA1805086,A1408,1103.872
20180104,JA1800364,A0739,1103.872
20180104,JA1802405,A0690,1103.872
20180104,JA1804764,A0880,1103.872
20180105,JA1807939,A0429,1103.872
20180108,JA1806580,A1193,1103.872
20180108,JA1800525,A1214,1103.872
20180111,JA1801380,A0741,1103.872
20180111,JA1801948,A1054,1103.872
20180112,JA1802998,A1009,1103.872
20180112,JA1807864,A1003,1103.872
20180115,JA1808841,A0371,1103.872
20180116,JA1801256,A1137,1103.872
20180119,JA1801889,A0472,1103.872
20180122,JA1808674,A1278,1103.872
20180123,JA1806430,A0915,1103.872
20180123,JA1804666,A1408,1103.872
20180125,JA1802922,A0708,1103.872
20180125,JA1808673,A1162,1103.872
20180126,JA1802774,A0915,1103.872
20180126,JA1802193,A0422,1103.872
20180126,JA1808897,A1403,1103.872
20180129,JA1808791,A0720,1103.872
20180131,JA1805689,A1341,1103.872
20180131,JA1807857,A0436,1103.872
20180201,FE1800070,A1308,1103.872
20180202,FE1801010,A0749,1103.872
20180202,FE1807545,A0380,1103.872
20180205,FE1809184,A1182,1103.872
20180205,FE1802725,A1387,1103.872
20180207,FE1807460,A0917,1103.872
20180208,FE1803938,A0945,1103.872
20180208,FE1806593,A0978,1103.872
20180209,FE1802141,A0796,1103.872
20180223,FE1801526,A0519,1103.872
20180223,FE1803873,A0792,1103.872
20180226,FE1809293,A0356,1103.872
20180226,FE1804861,A0716,1103.872
20180227,FE1805301,A0871,1103.872
20180228,FE1806685,A0798,1103.872
20181029,OC1801615,A0764,1103.872
20181101,NO1808250,A0420,1103.872
20181101,NO1803629,A1257,1103.872
20181102,NO1803878,A0665,1103.872
20181107,NO1808329,A1240,1103.872
20181108,NO1801000,A1055,1103.872
20181112,NO1801237,A1120,1103.872
20181113,NO1802938,A0632,1103.872
20181114,NO1805255,A0579,1103.872
20181114,NO1808928,A0990,1103.872
20181116,NO1804014,A0582,1103.872
20181120,NO1806332,A0504,1103.872
20181120,NO1805790,A1164,1103.872
20181121,NO1807470,A1302,1103.872
20181122,NO1803974,A1118,1103.872
20181122,NO1800726,A0791,1103.872
20181122,NO1804960,A0515,1103.872
20181126,NO1808503,A0837,1103.872
20181128,NO1804941,A0942,1103.872
20181128,NO1805684,A0428,1103.872
20181130,NO1809116,A0671,1103.872
20181203,DE1808134,A0478,1103.872
20181204,DE1807699,A0764,1103.872
20181205,DE1806066,A1228,1103.872
20181205,DE1805032,A1228,1103.872
20181207,DE1807365,A1336,1103.872
20181210,DE1805868,A1169,1103.872
20181212,DE1806167,A1381,1103.872
20181212,DE1805209,A0852,1103.872
20181213,DE1802659,A0754,1103.872
20181213,DE1802012,A0428,1103.872
20181217,DE1808153,A0557,1103.872
20181219,DE1803171,A0351,1103.872
20181220,DE1802705,A1313,1103.872
20181221,DE1805719,A0643,1103.872
20181221,DE1801112,A1216,1103.872
20181224,DE1800365,A0952,1103.872
20181224,DE1802019,A0921,1103.872
20181226,DE1804419,A0503,1103.872
20181228,DE1804328,A1408,1103.872
20181231,DE1801618,A0655,1103.872
20190101,JA1900569,A1067,1103.872
20190101,JA1904023,A1193,1103.872
20190102,JA1908426,A1079,1103.872
20180409,AP1804250,A1064,522.5
20180410,AP1804905,A0763,522.5
20180410,AP1801523,A0385,522.5
20180411,AP1804021,A0505,522.5
20180411,AP1800522,A0502,522.5
20180412,AP1805500,A0927,522.5
20180412,AP1800273,A0846,522.5
20180416,AP1806604,A0945,522.5
20180417,AP1804578,A0620,522.5
20180418,AP1805987,A1009,522.5
20180420,AP1804998,A1089,522.5
20180424,AP1808681,A1067,522.5
20180424,AP1809341,A0801,522.5
20180426,AP1803308,A0428,522.5
20180427,AP1801504,A1353,522.5
20180427,AP1808201,A0393,522.5
20180430,AP1803445,A1381,522.5
20180503,MA1803476,A1007,522.5
20180503,MA1803809,A0665,522.5
20180509,MA1800527,A1204,522.5
20180510,MA1806609,A0798,522.5
20180511,MA1801357,A0782,522.5
20180514,MA1808568,A0744,522.5
20180514,MA1805715,A0428,522.5
20180517,MA1805878,A0745,522.5
20180528,MA1803315,A1182,522.5
20180530,MA1807761,A0913,522.5
20180601,JU1805078,A1387,522.5
20180604,JU1803194,A0665,522.5
20180604,JU1804500,A0758,522.5
20180605,JU1803261,A0998,522.5
20180606,JU1802395,A1079,522.5
20180606,JU1802183,A0731,522.5
20180607,JU1801070,A1378,522.5
20180611,JU1807375,A0722,522.5
20180611,JU1806238,A0683,522.5
20180613,JU1803128,A1163,522.5
20180615,JU1800395,A0655,522.5
20180615,JU1802308,A0963,522.5
20180618,JU1800041,A0411,522.5
20180619,JU1804601,A1110,522.5
20180621,JU1806598,A0836,522.5
20180622,JU1807055,A0607,522.5
20180622,JU1806695,A0919,522.5
20180626,JU1803199,A0724,522.5
20180628,JU1800292,A0471,522.5
20180628,JU1806289,A0845,522.5
20180808,AU1802220,A0408,522.5
20180808,AU1808523,A0879,522.5
20180809,AU1801919,A1104,522.5
20180809,AU1802214,A1204,522.5
20180809,AU1804716,A0530,522.5
20180813,AU1801704,A0480,522.5
20180814,AU1809093,A0745,522.5
20180814,AU1808985,A0869,522.5
20180815,AU1805724,A1153,522.5
20180816,AU1806652,A1295,522.5
20180816,AU1806156,A1370,522.5
20180817,AU1806299,A0745,522.5
20180817,AU1807748,A0795,522.5
20180820,AU1803165,A1089,522.5
20180820,AU1800009,A1116,522.5
20180821,AU1803230,A1067,522.5
20180821,AU1806941,A0905,522.5
20180828,AU1801384,A1062,522.5
20180828,AU1808059,A0943,522.5
20180828,AU1801234,A1299,522.5
20180828,AU1804863,A0497,522.5
20180831,AU1809039,A0781,522.5
20180903,SE1804036,A0819,522.5
20180905,SE1805443,A1279,522.5
20180905,SE1808119,A1271,522.5
20180906,SE1807738,A1092,522.5
20180906,SE1807114,A0869,522.5
20180912,SE1805804,A0375,522.5
20180913,SE1808655,A1302,522.5
20180917,SE1809242,A0884,522.5
20180919,SE1801849,A1146,522.5
20180919,SE1809028,A0883,522.5
20180926,SE1804668,A0933,522.5
20180926,SE1805698,A1254,522.5
20180926,SE1806412,A1348,522.5
20180927,SE1802152,A0952,522.5
20181003,OC1805169,A1172,522.5
20180402,AP1803428,A0566,931.095
20180402,AP1805813,A1353,931.095
20180402,AP1808601,A1357,931.095
20180402,AP1803838,A0922,931.095
20180404,AP1801486,A1203,931.095
20180406,AP1805904,A0824,931.095
20180406,AP1803563,A0445,931.095
20180406,AP1804273,A0377,931.095
20180409,AP1801419,A1193,931.095
20180410,AP1805883,A1334,931.095
20180411,AP1801652,A1390,931.095
20180412,AP1809350,A1331,931.095
20180416,AP1804993,A1079,931.095
20180417,AP1801147,A1057,931.095
20180418,AP1806737,A0737,931.095
20180418,AP1802917,A0927,931.095
20180418,AP1806684,A0582,931.095
20180419,AP1800370,A1226,931.095
20180420,AP1801932,A1403,931.095
20180424,AP1805803,A1255,931.095
20180430,AP1803989,A0696,931.095
20180501,MA1801554,A0513,931.095
20180504,MA1800507,A1381,931.095
20180504,MA1800689,A0773,931.095
20180508,MA1802245,A0892,931.095
20180509,MA1806227,A0754,931.095
20180510,MA1808111,A0842,931.095
20180511,MA1801341,A0978,931.095
20180514,MA1805589,A0955,931.095
20180518,MA1809033,A1284,931.095
20180522,MA1804635,A0497,931.095
20180523,MA1807471,A0616,931.095
20180524,MA1807602,A0801,931.095
20180528,MA1802295,A0906,931.095
20180528,MA1801989,A1101,931.095
20180528,MA1808306,A1311,931.095
20180529,MA1800483,A0528,931.095
20180531,MA1806052,A0648,931.095
20180606,JU1801311,A0419,931.095
20180608,JU1800584,A0737,931.095
20180608,JU1802189,A0446,931.095
20180612,JU1802000,A0415,931.095
20180613,JU1804929,A1297,931.095
20180614,JU1801203,A0765,931.095
20180614,JU1800756,A1305,931.095
20180618,JU1809334,A1137,931.095
20180618,JU1802753,A0436,931.095
20180619,JU1803813,A0411,931.095
20180620,JU1800966,A0679,931.095
20180620,JU1804748,A1137,931.095
20180626,JU1807495,A0541,931.095
20180626,JU1805185,A1073,931.095
20180629,JU1807927,A1349,931.095
20180801,AU1804449,A0641,931.095
20180803,AU1802874,A1123,931.095
20180806,AU1806920,A0870,931.095
20180806,AU1804836,A1302,931.095
20180807,AU1801184,A0464,931.095
20180807,AU1807108,A0436,931.095
20180808,AU1800400,A0659,931.095
20180810,AU1800256,A1073,931.095
20180810,AU1802567,A1244,931.095
20180810,AU1804521,A1144,931.095
20180814,AU1809196,A1142,931.095
20180827,AU1806811,A1369,931.095
20180827,AU1806294,A0815,931.095
20180828,AU1807712,A1133,931.095
20180829,AU1801304,A0641,931.095
20180830,AU1806162,A0632,931.095
20180906,SE1807192,A0684,931.095
20180910,SE1805479,A0771,931.095
20180910,SE1803154,A0686,931.095
20180911,SE1803819,A1030,931.095
20180911,SE1807818,A1164,931.095
20180912,SE1803806,A0385,931.095
20180918,SE1808585,A0428,931.095
20180919,SE1802371,A0428,931.095
20180920,SE1807895,A0845,931.095
20180924,SE1807963,A1387,931.095
20180924,SE1806767,A1410,931.095
20180926,SE1803541,A1133,931.095
20180927,SE1800867,A1146,931.095
20180928,SE1806356,A0429,931.095
20181003,OC1806861,A1240,931.095
20180402,AP1807276,A0393,1862.19
20180402,AP1805787,A0987,1862.19
20180403,AP1804397,A0763,1862.19
20180404,AP1802624,A0944,1862.19
20180404,AP1805537,A1101,1862.19
20180405,AP1807829,A1362,1862.19
20180405,AP1807548,A1362,1862.19
20180409,AP1804789,A0720,1862.19
20180410,AP1800016,A1164,1862.19
20180410,AP1806109,A1116,1862.19
20180416,AP1807972,A1022,1862.19
20180418,AP1807007,A0624,1862.19
20180419,AP1808417,A0933,1862.19
20180425,AP1807667,A0852,1862.19
20180425,AP1807872,A0630,1862.19
20180430,AP1808894,A0953,1862.19
20180501,MA1806898,A1416,1862.19
20180502,MA1804742,A0693,1862.19
20180502,MA1806340,A1003,1862.19
20180504,MA1800869,A0481,1862.19
20180504,MA1807464,A0515,1862.19
20180507,MA1801193,A0731,1862.19
20180508,MA1808199,A0544,1862.19
20180509,MA1800743,A0996,1862.19
20180509,MA1800261,A1020,1862.19
20180510,MA1802875,A0887,1862.19
20180510,MA1807636,A0660,1862.19
20180514,MA1802888,A0772,1862.19
20180516,MA1801986,A0395,1862.19
20180518,MA1804793,A1092,1862.19
20180522,MA1802855,A0436,1862.19
20180523,MA1804259,A0821,1862.19
20180524,MA1807869,A0693,1862.19
20180525,MA1801586,A0893,1862.19
20180528,MA1804603,A1018,1862.19
20180528,MA1804586,A0355,1862.19
20180530,MA1807496,A0987,1862.19
20180531,MA1804086,A0466,1862.19
20180601,JU1805503,A0375,1862.19
20180605,JU1806143,A0350,1862.19
20180605,JU1807662,A0610,1862.19
20180608,JU1801548,A0953,1862.19
20180611,JU1801040,A0972,1862.19
20180613,JU1802820,A0426,1862.19
20180614,JU1808539,A0764,1862.19
20180622,JU1805535,A0655,1862.19
20180627,JU1807825,A0937,1862.19
20180627,JU1808494,A0861,1862.19
20180628,JU1802032,A1236,1862.19
20180628,JU1803272,A0869,1862.19
20180629,JU1800976,A0610,1862.19
20180809,AU1805008,A0975,1862.19
20180810,AU1809120,A1055,1862.19
20180814,AU1801406,A0880,1862.19
20180814,AU1801580,A1027,1862.19
20180822,AU1809367,A0496,1862.19
20180822,AU1806558,A0701,1862.19
20180828,AU1801630,A1319,1862.19
20180829,AU1807256,A1003,1862.19
20180829,AU1808280,A1282,1862.19
20180831,AU1802610,A0496,1862.19
20180831,AU1809017,A0993,1862.19
20180831,AU1806260,A0933,1862.19
20180904,SE1802882,A0582,1862.19
20180910,SE1803292,A1036,1862.19
20180913,SE1808293,A0602,1862.19
20180913,SE1803434,A0707,1862.19
20180914,SE1801661,A1142,1862.19
20180918,SE1806182,A0879,1862.19
20180919,SE1800826,A0436,1862.19
20180919,SE1804445,A1277,1862.19
20180919,SE1803173,A0660,1862.19
20180921,SE1800320,A1420,1862.19
20180921,SE1801413,A0881,1862.19
20180924,SE1804197,A0616,1862.19
20180924,SE1805488,A1153,1862.19
20180927,SE1804272,A0679,1862.19
20180928,SE1804723,A1232,1862.19
20180928,SE1804691,A0965,1862.19
20180928,SE1807035,A1055,1862.19
20180103,JA1806924,A0777,730.7388
20180103,JA1808629,A1002,730.7388
20180103,JA1801655,A1306,730.7388
20180104,JA1804251,A0352,730.7388
20180109,JA1806323,A0350,730.7388
20180109,JA1803814,A0826,730.7388
20180110,JA1805490,A0754,730.7388
20180116,JA1805638,A1014,730.7388
20180116,JA1804822,A0412,730.7388
20180116,JA1804106,A0495,730.7388
20180118,JA1808957,A0760,730.7388
20180119,JA1801212,A0401,730.7388
20180119,JA1802830,A1101,730.7388
20180119,JA1809127,A0357,730.7388
20180122,JA1802274,A0744,730.7388
20180123,JA1804784,A0379,730.7388
20180125,JA1809300,A0799,730.7388
20180125,JA1808137,A1035,730.7388
20180125,JA1808257,A0693,730.7388
20180129,JA1800496,A0764,730.7388
20180130,JA1808358,A0997,730.7388
20180130,JA1802822,A1343,730.7388
20180131,JA1800769,A0893,730.7388
20180205,FE1803503,A1110,730.7388
20180207,FE1800377,A0454,730.7388
20180207,FE1804152,A0945,730.7388
20180207,FE1808833,A0419,730.7388
20180212,FE1804271,A1092,730.7388
20180214,FE1802394,A0480,730.7388
20180215,FE1804995,A1343,730.7388
20180216,FE1808947,A0977,730.7388
20180216,FE1800145,A0377,730.7388
20180219,FE1802223,A0815,730.7388
20180219,FE1808101,A0495,730.7388
20180226,FE1802837,A0377,730.7388
20180226,FE1808576,A1197,730.7388
20180227,FE1808007,A0434,730.7388
20180228,FE1808836,A1014,730.7388
20181102,NO1808356,A0352,730.7388
20181105,NO1807086,A1108,730.7388
20181106,NO1800052,A1124,730.7388
20181106,NO1803923,A0883,730.7388
20181107,NO1806919,A0907,730.7388
20181109,NO1808910,A0967,730.7388
20181113,NO1806756,A0862,730.7388
20181115,NO1804671,A0945,730.7388
20181116,NO1800144,A1265,730.7388
20181120,NO1801254,A0625,730.7388
20181120,NO1808506,A1054,730.7388
20181122,NO1803998,A1269,730.7388
20181122,NO1802749,A0385,730.7388
20181123,NO1807874,A1153,730.7388
20181126,NO1804300,A1168,730.7388
20181127,NO1800542,A1412,730.7388
20181128,NO1801809,A1068,730.7388
20181128,NO1808083,A0742,730.7388
20181129,NO1800300,A1161,730.7388
20181203,DE1805583,A1299,730.7388
20181204,DE1806129,A0842,730.7388
20181204,DE1803120,A1390,730.7388
20181205,DE1803232,A0718,730.7388
20181206,DE1804876,A0853,730.7388
20181207,DE1808903,A1039,730.7388
20181211,DE1801781,A0997,730.7388
20181211,DE1803186,A1054,730.7388
20181211,DE1806805,A0587,730.7388
20181213,DE1805812,A0567,730.7388
20181214,DE1801292,A1130,730.7388
20181214,DE1802310,A0610,730.7388
20181214,DE1800854,A0771,730.7388
20181217,DE1807194,A0466,730.7388
20181217,DE1802877,A0661,730.7388
20181219,DE1807696,A0799,730.7388
20181225,DE1808963,A1057,730.7388
20181226,DE1800994,A0961,730.7388
20181226,DE1800696,A0931,730.7388
20181227,DE1800703,A1362,730.7388
20181231,DE1802667,A1103,730.7388
20181231,DE1803853,A1388,730.7388
20190101,JA1902521,A1362,730.7388
20180402,AP1808521,A1178,3748.08
20180402,AP1804378,A1142,3748.08
20180403,AP1801121,A0933,3748.08
20180403,AP1802492,A1406,3748.08
20180403,AP1808825,A0463,3748.08
20180404,AP1801865,A1164,3748.08
20180405,AP1806943,A0679,3748.08
20180405,AP1803704,A1271,3748.08
20180409,AP1803453,A1345,3748.08
20180410,AP1802144,A0603,3748.08
20180412,AP1806875,A1179,3748.08
20180413,AP1805816,A1110,3748.08
20180423,AP1803577,A0903,3748.08
20180424,AP1805241,A1357,3748.08
20180425,AP1800317,A0409,3748.08
20180426,AP1803243,A1367,3748.08
20180426,AP1807102,A0589,3748.08
20180427,AP1802936,A0578,3748.08
20180427,AP1806995,A1240,3748.08
20180430,AP1803588,A0990,3748.08
20180501,MA1804557,A0842,3748.08
20180501,MA1801527,A1092,3748.08
20180501,MA1803343,A0427,3748.08
20180502,MA1806450,A0534,3748.08
20180507,MA1806091,A0496,3748.08
20180509,MA1806376,A0371,3748.08
20180510,MA1809170,A1252,3748.08
20180514,MA1802212,A0990,3748.08
20180517,MA1808729,A0760,3748.08
20180521,MA1804866,A1050,3748.08
20180522,MA1800998,A0496,3748.08
20180528,MA1801507,A1305,3748.08
20180530,MA1802805,A1065,3748.08
20180531,MA1807271,A0443,3748.08
20180531,MA1808610,A0708,3748.08
20180531,MA1802568,A1092,3748.08
20180601,JU1803959,A1088,3748.08
20180601,JU1802767,A0377,3748.08
20180606,JU1805040,A0548,3748.08
20180608,JU1802380,A0375,3748.08
20180608,JU1803321,A0749,3748.08
20180608,JU1804737,A1416,3748.08
20180618,JU1806092,A1236,3748.08
20180618,JU1803316,A1144,3748.08
20180619,JU1806123,A0576,3748.08
20180625,JU1806027,A1125,3748.08
20180625,JU1803982,A0927,3748.08
20180627,JU1802436,A0659,3748.08
20180629,JU1803979,A0408,3748.08
20180806,AU1800614,A0955,3748.08
20180807,AU1805337,A0934,3748.08
20180808,AU1800257,A0747,3748.08
20180810,AU1804130,A0534,3748.08
20180810,AU1802022,A0357,3748.08
20180813,AU1802971,A1297,3748.08
20180816,AU1805769,A1129,3748.08
20180816,AU1805756,A0655,3748.08
20180816,AU1802285,A1133,3748.08
20180817,AU1808979,A1184,3748.08
20180820,AU1804026,A0810,3748.08
20180820,AU1800828,A1202,3748.08
20180823,AU1808032,A1370,3748.08
20180824,AU1805982,A0953,3748.08
20180828,AU1806616,A0565,3748.08
20180828,AU1807411,A0952,3748.08
20180828,AU1800518,A0724,3748.08
20180830,AU1807519,A0934,3748.08
20180830,AU1800126,A0382,3748.08
20180903,SE1809262,A0702,3748.08
20180910,SE1806922,A1135,3748.08
20180913,SE1801564,A0975,3748.08
20180914,SE1804967,A1361,3748.08
20180914,SE1806381,A0749,3748.08
20180920,SE1801137,A0846,3748.08
20180921,SE1802702,A0507,3748.08
20180921,SE1801925,A0457,3748.08
20180926,SE1805466,A0574,3748.08
20180927,SE1803953,A1326,3748.08
20180928,SE1800420,A0808,3748.08
20180404,AP1807716,A0741,3606.768
20180410,AP1809335,A1341,3606.768
20180411,AP1801403,A1306,3606.768
20180416,AP1801906,A1068,3606.768
20180417,AP1800905,A0605,3606.768
20180417,AP1807073,A0471,3606.768
20180420,AP1807360,A0932,3606.768
20180420,AP1802987,A1136,3606.768
20180420,AP1802051,A0670,3606.768
20180420,AP1802580,A1390,3606.768
20180424,AP1803680,A0835,3606.768
20180425,AP1808882,A0495,3606.768
20180501,MA1802342,A0496,3606.768
20180502,MA1803756,A1333,3606.768
20180502,MA1801772,A0726,3606.768
20180502,MA1808784,A1187,3606.768
20180502,MA1809072,A1265,3606.768
20180510,MA1805615,A1169,3606.768
20180511,MA1808336,A0878,3606.768
20180511,MA1801798,A0522,3606.768
20180514,MA1800109,A1049,3606.768
20180514,MA1807770,A1302,3606.768
20180514,MA1801649,A1197,3606.768
20180517,MA1808128,A0665,3606.768
20180518,MA1805195,A0459,3606.768
20180522,MA1802844,A1125,3606.768
20180522,MA1806348,A1302,3606.768
20180524,MA1801693,A1229,3606.768
20180524,MA1804977,A1188,3606.768
20180528,MA1804156,A0643,3606.768
20180530,MA1807262,A1292,3606.768
20180531,MA1804241,A0997,3606.768
20180531,MA1800933,A1236,3606.768
20180601,JU1806770,A0906,3606.768
20180606,JU1803004,A0742,3606.768
20180606,JU1803718,A0947,3606.768
20180606,JU1805114,A0760,3606.768
20180608,JU1800931,A1335,3606.768
20180611,JU1801910,A1029,3606.768
20180614,JU1800615,A1316,3606.768
20180618,JU1805566,A1020,3606.768
20180619,JU1806438,A1163,3606.768
20180620,JU1802622,A1255,3606.768
20180621,JU1804007,A0801,3606.768
20180625,JU1805647,A0800,3606.768
20180629,JU1804091,A0741,3606.768
20180629,JU1806821,A1260,3606.768
20180629,JU1802904,A0626,3606.768
20180730,JU1809090,A0353,3606.768
20180803,AU1809372,A0438,3606.768
20180806,AU1800578,A0662,3606.768
20180809,AU1801516,A0589,3606.768
20180810,AU1808042,A0625,3606.768
20180813,AU1809328,A1232,3606.768
20180814,AU1809018,A1260,3606.768
20180814,AU1809157,A0458,3606.768
20180817,AU1802278,A0993,3606.768
20180820,AU1805426,A0897,3606.768
20180821,AU1803271,A1062,3606.768
20180823,AU1801408,A1031,3606.768
20180828,AU1805188,A1002,3606.768
20180829,AU1808968,A1419,3606.768
20180829,AU1807473,A0353,3606.768
20180830,AU1807756,A1034,3606.768
20180903,SE1807097,A1338,3606.768
20180907,SE1803211,A0945,3606.768
20180907,SE1806808,A0761,3606.768
20180910,SE1802098,A0945,3606.768
20180913,SE1803226,A0615,3606.768
20180913,SE1808579,A0934,3606.768
20180917,SE1801625,A1274,3606.768
20180917,SE1807760,A0480,3606.768
20180917,SE1805820,A1142,3606.768
20180918,SE1801567,A1185,3606.768
20180920,SE1801579,A0480,3606.768
20180925,SE1801914,A0567,3606.768
20180925,SE1802111,A0801,3606.768
20180925,SE1804969,A1362,3606.768
20180403,AP1807661,A0547,2524.7376
20180404,AP1805134,A0434,2524.7376
20180404,AP1807560,A0371,2524.7376
20180405,AP1803730,A1077,2524.7376
20180406,AP1803204,A1386,2524.7376
20180406,AP1800307,A0497,2524.7376
20180406,AP1807341,A0679,2524.7376
20180409,AP1801918,A1416,2524.7376
20180411,AP1803572,A1181,2524.7376
20180411,AP1803941,A0576,2524.7376
20180413,AP1807362,A0747,2524.7376
20180420,AP1803329,A1311,2524.7376
20180420,AP1800133,A1124,2524.7376
20180423,AP1802863,A1329,2524.7376
20180424,AP1803097,A0497,2524.7376
20180427,AP1800195,A0498,2524.7376
20180503,MA1809325,A0559,2524.7376
20180503,MA1807050,A1092,2524.7376
20180503,MA1803548,A0835,2524.7376
20180508,MA1805590,A0764,2524.7376
20180508,MA1800436,A1254,2524.7376
20180508,MA1802722,A1419,2524.7376
20180509,MA1808559,A0981,2524.7376
20180510,MA1809080,A0616,2524.7376
20180511,MA1800361,A1072,2524.7376
20180516,MA1803486,A0470,2524.7376
20180517,MA1802360,A0781,2524.7376
20180518,MA1805152,A0774,2524.7376
20180522,MA1805093,A0610,2524.7376
20180523,MA1800532,A0736,2524.7376
20180524,MA1800865,A0579,2524.7376
20180530,MA1802293,A1069,2524.7376
20180530,MA1801058,A0743,2524.7376
20180530,MA1804480,A1130,2524.7376
20180531,MA1806603,A1011,2524.7376
20180531,MA1807379,A1265,2524.7376
20180604,JU1802932,A0630,2524.7376
20180604,JU1802915,A0899,2524.7376
20180605,JU1802112,A0531,2524.7376
20180608,JU1806736,A0802,2524.7376
20180613,JU1808724,A0548,2524.7376
20180614,JU1805363,A0458,2524.7376
20180615,JU1801897,A1329,2524.7376
20180618,JU1801669,A0749,2524.7376
20180619,JU1800348,A1320,2524.7376
20180619,JU1802158,A1408,2524.7376
20180622,JU1800078,A1159,2524.7376
20180730,JU1800880,A1236,2524.7376
20180802,AU1802666,A0767,2524.7376
20180802,AU1801269,A1255,2524.7376
20180803,AU1800390,A1062,2524.7376
20180813,AU1804359,A1068,2524.7376
20180813,AU1806810,A1020,2524.7376
20180814,AU1804019,A0457,2524.7376
20180816,AU1809098,A1360,2524.7376
20180817,AU1802794,A0942,2524.7376
20180817,AU1805770,A0503,2524.7376
20180820,AU1804682,A0845,2524.7376
20180821,AU1804323,A1302,2524.7376
20180823,AU1803269,A0414,2524.7376
20180830,AU1801937,A0747,2524.7376
20180903,SE1806757,A1103,2524.7376
20180903,SE1804488,A1362,2524.7376
20180905,SE1800206,A0940,2524.7376
20180906,SE1805852,A1073,2524.7376
20180906,SE1801114,A1089,2524.7376
20180907,SE1800045,A1306,2524.7376
20180911,SE1801171,A0452,2524.7376
20180914,SE1807173,A0978,2524.7376
20180919,SE1804112,A1184,2524.7376
20180920,SE1807164,A0824,2524.7376
20180920,SE1808646,A0497,2524.7376
20180921,SE1805825,A0455,2524.7376
20180925,SE1806140,A1020,2524.7376
20180925,SE1806028,A0655,2524.7376
20180925,SE1808248,A0531,2524.7376
20180928,SE1807436,A1065,2524.7376
20180102,JA1807207,A1116,989.0808
20180102,JA1800982,A0743,989.0808
20180103,JA1809232,A0375,989.0808
20180104,JA1809000,A0355,989.0808
20180104,JA1801169,A0965,989.0808
20180104,JA1802444,A0764,989.0808
20180108,JA1805607,A0710,989.0808
20180109,JA1805230,A0545,989.0808
20180110,JA1804648,A0380,989.0808
20180111,JA1801308,A0387,989.0808
20180115,JA1801312,A0665,989.0808
20180116,JA1808946,A0463,989.0808
20180116,JA1802694,A0743,989.0808
20180116,JA1800330,A0967,989.0808
20180117,JA1809257,A1388,989.0808
20180118,JA1801802,A0607,989.0808
20180123,JA1808862,A0713,989.0808
20180125,JA1801794,A0515,989.0808
20180125,JA1808941,A1092,989.0808
20180125,JA1803401,A1412,989.0808
20180126,JA1801763,A0412,989.0808
20180126,JA1804267,A1101,989.0808
20180130,JA1802389,A1370,989.0808
20180131,JA1803026,A0819,989.0808
20180131,JA1801714,A0452,989.0808
20180201,FE1807834,A0519,989.0808
20180202,FE1800791,A0513,989.0808
20180206,FE1800329,A0515,989.0808
20180208,FE1804850,A0686,989.0808
20180208,FE1806573,A0497,989.0808
20180212,FE1805106,A0630,989.0808
20180213,FE1808818,A1374,989.0808
20180214,FE1800602,A0731,989.0808
20180215,FE1800086,A0824,989.0808
20180216,FE1803313,A0890,989.0808
20180216,FE1802416,A1388,989.0808
20180219,FE1808383,A0610,989.0808
20180221,FE1805620,A1265,989.0808
20180222,FE1808398,A1055,989.0808
20180223,FE1804935,A0828,989.0808
20180226,FE1806201,A0632,989.0808
20180227,FE1802713,A0528,989.0808
20181102,NO1804079,A0389,989.0808
20181102,NO1803637,A1161,989.0808
20181105,NO1805681,A1311,989.0808
20181106,NO1804878,A0943,989.0808
20181109,NO1807803,A1009,989.0808
20181115,NO1805717,A1313,989.0808
20181115,NO1808860,A1100,989.0808
20181116,NO1806785,A1382,989.0808
20181120,NO1807750,A1142,989.0808
20181121,NO1804991,A1062,989.0808
20181122,NO1808569,A0906,989.0808
20181127,NO1802497,A0821,989.0808
20181128,NO1804657,A1067,989.0808
20181129,NO1805095,A0693,989.0808
20181129,NO1807479,A1230,989.0808
20181205,DE1806691,A0648,989.0808
20181205,DE1807233,A1297,989.0808
20181205,DE1807635,A1299,989.0808
20181210,DE1801460,A0919,989.0808
20181211,DE1803790,A0795,989.0808
20181212,DE1800089,A0738,989.0808
20181214,DE1807641,A1092,989.0808
20181214,DE1808141,A1290,989.0808
20181214,DE1802958,A1067,989.0808
20181217,DE1806996,A1338,989.0808
20181218,DE1800351,A0615,989.0808
20181218,DE1804478,A1416,989.0808
20181224,DE1802556,A0903,989.0808
20181226,DE1801483,A0529,989.0808
20181227,DE1803740,A1018,989.0808
20181228,DE1807344,A0970,989.0808
20181231,DE1801433,A0945,989.0808
20181231,DE1808526,A0603,989.0808
20190102,JA1901868,A0582,989.0808
20190104,JA1905249,A1100,989.0808
20180102,JA1805166,A0544,1971.2
20180108,JA1803900,A1135,1971.2
20180109,JA1803407,A0815,1971.2
20180110,JA1800044,A0660,1971.2
20180110,JA1800347,A0890,1971.2
20180111,JA1807957,A1271,1971.2
20180112,JA1807771,A1060,1971.2
20180112,JA1807926,A1161,1971.2
20180112,JA1801950,A1260,1971.2
20180115,JA1802949,A0754,1971.2
20180117,JA1801103,A0506,1971.2
20180117,JA1802031,A0422,1971.2
20180118,JA1800107,A0420,1971.2
20180119,JA1800172,A0837,1971.2
20180119,JA1807932,A1015,1971.2
20180125,JA1805890,A1197,1971.2
20180129,JA1805565,A0670,1971.2
20180129,JA1808025,A0781,1971.2
20180201,FE1806878,A0949,1971.2
20180202,FE1806774,A0975,1971.2
20180207,FE1801351,A0640,1971.2
20180208,FE1809338,A0412,1971.2
20180209,FE1803748,A0616,1971.2
20180212,FE1804826,A0914,1971.2
20180213,FE1806105,A0542,1971.2
20180215,FE1806527,A0785,1971.2
20180215,FE1808917,A0922,1971.2
20180216,FE1808846,A0880,1971.2
20180220,FE1804188,A1309,1971.2
20180220,FE1802740,A0897,1971.2
20180221,FE1809274,A0800,1971.2
20180222,FE1806888,A0819,1971.2
20180222,FE1807052,A1314,1971.2
20180227,FE1803529,A1114,1971.2
20181030,OC1804884,A1277,1971.2
20181101,NO1800896,A1186,1971.2
20181101,NO1802126,A1116,1971.2
20181102,NO1802194,A0529,1971.2
20181107,NO1800464,A1319,1971.2
20181108,NO1802732,A1071,1971.2
20181112,NO1808046,A1215,1971.2
20181113,NO1808053,A1277,1971.2
20181114,NO1805627,A1047,1971.2
20181116,NO1800136,A1251,1971.2
20181116,NO1809163,A0539,1971.2
20181119,NO1807655,A0833,1971.2
20181120,NO1806021,A0963,1971.2
20181121,NO1802970,A0495,1971.2
20181122,NO1804218,A0547,1971.2
20181127,NO1800727,A1165,1971.2
20181127,NO1804837,A1124,1971.2
20181128,NO1801751,A1076,1971.2
20181128,NO1802989,A0408,1971.2
20181128,NO1801166,A1240,1971.2
20181129,NO1804574,A0464,1971.2
20181130,NO1801295,A0724,1971.2
20181203,DE1807071,A1313,1971.2
20181203,DE1807377,A0380,1971.2
20181210,DE1800853,A1219,1971.2
20181212,DE1806099,A1093,1971.2
20181212,DE1801172,A0684,1971.2
20181213,DE1802601,A1119,1971.2
20181213,DE1803584,A0480,1971.2
20181214,DE1808027,A0897,1971.2
20181214,DE1803155,A0350,1971.2
20181217,DE1808485,A1240,1971.2
20181218,DE1804080,A1208,1971.2
20181219,DE1805862,A1178,1971.2
20181219,DE1805397,A0821,1971.2
20181221,DE1800450,A0774,1971.2
20181221,DE1806842,A0744,1971.2
20181224,DE1808593,A0695,1971.2
20181225,DE1806533,A0444,1971.2
20181225,DE1801796,A1089,1971.2
20181228,DE1800344,A0683,1971.2
20181228,DE1805668,A1305,1971.2
20180103,JA1803502,A0817,1028.5
20180109,JA1804523,A1316,1028.5
20180110,JA1800749,A0887,1028.5
20180111,JA1806559,A0372,1028.5
20180112,JA1806247,A1161,1028.5
20180112,JA1802900,A1202,1028.5
20180116,JA1809058,A0945,1028.5
20180116,JA1805798,A0528,1028.5
20180117,JA1803450,A1406,1028.5
20180122,JA1804785,A0783,1028.5
20180122,JA1803478,A0429,1028.5
20180126,JA1806373,A1331,1028.5
20180126,JA1803378,A0497,1028.5
20180130,JA1805507,A1118,1028.5
20180201,FE1805734,A1003,1028.5
20180201,FE1809150,A1334,1028.5
20180202,FE1805891,A1038,1028.5
20180202,FE1806971,A0415,1028.5
20180205,FE1801766,A0946,1028.5
20180206,FE1802205,A1103,1028.5
20180206,FE1805065,A1232,1028.5
20180208,FE1802055,A0883,1028.5
20180209,FE1802672,A0420,1028.5
20180209,FE1801563,A1202,1028.5
20180209,FE1800297,A0578,1028.5
20180213,FE1800283,A0393,1028.5
20180213,FE1800394,A0627,1028.5
20180216,FE1808019,A1311,1028.5
20180219,FE1809135,A1076,1028.5
20180222,FE1803110,A1193,1028.5
20180222,FE1804202,A1124,1028.5
20180222,FE1806267,A1110,1028.5
20180222,FE1809307,A0369,1028.5
20180222,FE1800150,A0444,1028.5
20180226,FE1800032,A0847,1028.5
20180302,MA1804931,A1138,1028.5
20181102,NO1809053,A0380,1028.5
20181107,NO1803885,A0403,1028.5
20181107,NO1802547,A0943,1028.5
20181108,NO1807538,A1338,1028.5
20181112,NO1800341,A0747,1028.5
20181113,NO1805452,A1304,1028.5
20181113,NO1802629,A1366,1028.5
20181113,NO1804069,A1278,1028.5
20181113,NO1804037,A0684,1028.5
20181116,NO1802641,A0927,1028.5
20181116,NO1803133,A0931,1028.5
20181119,NO1805572,A0862,1028.5
20181119,NO1808094,A1062,1028.5
20181120,NO1809177,A1390,1028.5
20181120,NO1808339,A0708,1028.5
20181122,NO1802510,A1230,1028.5
20181123,NO1809373,A0815,1028.5
20181128,NO1804244,A1287,1028.5
20181128,NO1802344,A0833,1028.5
20181129,NO1803339,A0695,1028.5
20181129,NO1800340,A1365,1028.5
20181129,NO1801887,A1159,1028.5
20181129,NO1801825,A1197,1028.5
20181203,DE1803259,A1229,1028.5
20181203,DE1808376,A1291,1028.5
20181204,DE1800018,A0377,1028.5
20181211,DE1807134,A0429,1028.5
20181211,DE1800583,A1210,1028.5
20181211,DE1802040,A0922,1028.5
20181212,DE1808474,A1169,1028.5
20181213,DE1804628,A0519,1028.5
20181214,DE1801191,A0997,1028.5
20181217,DE1806243,A1161,1028.5
20181220,DE1800410,A1095,1028.5
20181221,DE1801824,A0670,1028.5
20181224,DE1800825,A1039,1028.5
20181228,DE1804720,A0625,1028.5
20181228,DE1806592,A0694,1028.5
20181231,DE1804697,A1338,1028.5
20190101,JA1908188,A0917,1028.5
20180226,FE1805427,A0587,2121.67296
20180301,MA1803766,A1161,2121.67296
20180302,MA1802227,A1326,2121.67296
20180306,MA1805978,A0819,2121.67296
20180307,MA1805506,A0978,2121.67296
20180308,MA1806115,A0798,2121.67296
20180308,MA1807943,A1162,2121.67296
20180309,MA1805281,A0635,2121.67296
20180309,MA1807310,A1037,2121.67296
20180309,MA1805248,A0795,2121.67296
20180309,MA1806009,A0403,2121.67296
20180309,MA1805527,A1236,2121.67296
20180312,MA1808171,A1214,2121.67296
20180314,MA1802803,A1151,2121.67296
20180315,MA1804704,A0414,2121.67296
20180315,MA1802891,A1307,2121.67296
20180316,MA1805796,A0414,2121.67296
20180316,MA1807322,A1029,2121.67296
20180319,MA1801953,A1277,2121.67296
20180319,MA1805747,A0502,2121.67296
20180320,MA1805914,A0925,2121.67296
20180321,MA1805666,A0778,2121.67296
20180321,MA1806496,A1270,2121.67296
20180321,MA1802828,A0826,2121.67296
20180322,MA1805849,A1406,2121.67296
20180323,MA1804719,A1360,2121.67296
20180326,MA1804673,A0493,2121.67296
20180327,MA1806212,A1341,2121.67296
20180327,MA1806285,A1278,2121.67296
20180328,MA1808505,A0665,2121.67296
20180328,MA1807865,A0633,2121.67296
20180329,MA1801933,A0657,2121.67296
20180330,MA1800536,A0838,2121.67296
20181001,OC1802454,A1094,2121.67296
20181001,OC1804971,A1064,2121.67296
20181001,OC1805465,A0450,2121.67296
20181002,OC1803492,A1277,2121.67296
20181004,OC1800821,A1049,2121.67296
20181005,OC1806901,A0657,2121.67296
20181008,OC1800936,A0371,2121.67296
20181008,OC1808300,A0415,2121.67296
20181009,OC1802542,A1345,2121.67296
20181009,OC1801665,A1120,2121.67296
20181009,OC1807999,A0763,2121.67296
20181009,OC1806134,A0480,2121.67296
20181010,OC1806562,A1101,2121.67296
20181010,OC1808000,A1139,2121.67296
20181011,OC1805440,A1345,2121.67296
20181012,OC1802199,A0776,2121.67296
20181012,OC1804597,A0880,2121.67296
20181012,OC1800582,A0749,2121.67296
20181015,OC1807359,A1110,2121.67296
20181015,OC1807026,A0799,2121.67296
20181015,OC1803040,A1361,2121.67296
20181017,OC1803102,A0778,2121.67296
20181018,OC1802118,A0850,2121.67296
20181018,OC1803585,A1419,2121.67296
20181019,OC1807552,A1020,2121.67296
20181022,OC1804283,A1078,2121.67296
20181022,OC1808142,A0877,2121.67296
20181022,OC1805254,A1412,2121.67296
20181023,OC1809173,A0371,2121.67296
20181024,OC1800688,A0377,2121.67296
20181025,OC1804556,A0637,2121.67296
20181025,OC1800339,A1401,2121.67296
20181026,OC1809240,A1113,2121.67296
20181026,OC1805870,A0835,2121.67296
20181026,OC1804140,A0937,2121.67296
20181026,OC1803969,A0743,2121.67296
20181029,OC1802704,A0514,2121.67296
20181029,OC1801157,A0390,2121.67296
20181029,OC1801218,A1290,2121.67296
20181029,OC1800447,A0607,2121.67296
20181030,OC1809045,A0716,2121.67296
20181031,OC1803053,A1007,2121.67296
20180101,JA1805774,A1336,658.24
20180102,JA1803143,A1181,658.24
20180102,JA1808583,A1323,658.24
20180104,JA1805669,A1085,658.24
20180109,JA1802853,A1341,658.24
20180109,JA1801827,A1306,658.24
20180110,JA1802616,A1167,658.24
20180111,JA1800247,A0519,658.24
20180112,JA1807016,A1137,658.24
20180112,JA1806146,A1197,658.24
20180116,JA1805554,A1314,658.24
20180118,JA1807131,A1226,658.24
20180119,JA1808175,A1343,658.24
20180123,JA1801438,A0385,658.24
20180124,JA1802718,A0763,658.24
20180124,JA1808732,A0557,658.24
20180126,JA1807755,A0575,658.24
20180131,JA1802314,A0463,658.24
20180201,FE1804797,A0574,658.24
20180202,FE1803493,A0657,658.24
20180202,FE1800456,A0582,658.24
20180206,FE1803653,A0859,658.24
20180207,FE1808805,A1116,658.24
20180208,FE1808318,A0987,658.24
20180212,FE1802452,A1057,658.24
20180212,FE1809172,A0761,658.24
20180212,FE1801738,A0493,658.24
20180213,FE1802097,A0863,658.24
20180213,FE1802110,A0724,658.24
20180216,FE1804609,A0474,658.24
20180223,FE1804934,A0821,658.24
20180223,FE1806982,A0629,658.24
20180223,FE1801881,A0472,658.24
20180228,FE1807228,A1292,658.24
20181101,NO1801122,A0880,658.24
20181101,NO1807054,A0503,658.24
20181101,NO1800897,A1197,658.24
20181102,NO1805097,A0835,658.24
20181102,NO1801657,A0632,658.24
20181102,NO1806566,A0587,658.24
20181102,NO1804516,A0943,658.24
20181106,NO1802741,A0881,658.24
20181107,NO1802600,A0905,658.24
20181107,NO1804667,A0497,658.24
20181108,NO1806309,A0667,658.24
20181108,NO1804351,A0353,658.24
20181114,NO1804428,A0544,658.24
20181115,NO1806731,A0625,658.24
20181116,NO1804546,A0923,658.24
20181116,NO1805739,A0665,658.24
20181116,NO1800952,A1146,658.24
20181119,NO1805259,A0531,658.24
20181123,NO1802109,A1240,658.24
20181123,NO1802260,A1338,658.24
20181126,NO1800963,A0949,658.24
20181127,NO1800201,A1411,658.24
20181127,NO1809182,A0993,658.24
20181128,NO1800899,A1178,658.24
20181129,NO1801604,A1278,658.24
20181130,NO1804829,A0569,658.24
20181130,NO1809233,A1089,658.24
20181203,DE1809102,A0512,658.24
20181204,DE1800924,A1211,658.24
20181205,DE1801396,A1286,658.24
20181211,DE1805024,A1058,658.24
20181211,DE1804702,A0930,658.24
20181213,DE1800067,A0947,658.24
20181213,DE1808067,A1038,658.24
20181217,DE1804951,A1390,658.24
20181218,DE1800613,A1311,658.24
20181218,DE1808675,A0371,658.24
20181221,DE1805840,A0833,658.24
20181224,DE1807208,A0446,658.24
20181225,DE1808498,A0581,658.24
20181231,DE1809006,A1323,658.24
20180403,AP1808720,A0852,1008.216
20180404,AP1801301,A0353,1008.216
20180405,AP1805483,A0494,1008.216
20180406,AP1807003,A0897,1008.216
20180406,AP1808529,A0996,1008.216
20180413,AP1805657,A0933,1008.216
20180416,AP1805491,A0548,1008.216
20180418,AP1802779,A1419,1008.216
20180419,AP1808341,A1064,1008.216
20180423,AP1808789,A1316,1008.216
20180425,AP1809304,A0990,1008.216
20180426,AP1806043,A0463,1008.216
20180502,MA1804340,A0747,1008.216
20180507,MA1805357,A0842,1008.216
20180510,MA1803967,A1301,1008.216
20180511,MA1809159,A0500,1008.216
20180515,MA1807334,A1035,1008.216
20180518,MA1809301,A0852,1008.216
20180521,MA1805839,A0429,1008.216
20180521,MA1802309,A1089,1008.216
20180522,MA1800681,A0846,1008.216
20180524,MA1804757,A1204,1008.216
20180525,MA1803356,A0387,1008.216
20180525,MA1801596,A0705,1008.216
20180529,MA1808870,A1274,1008.216
20180529,MA1808202,A1068,1008.216
20180604,JU1802058,A0738,1008.216
20180605,JU1807181,A1032,1008.216
20180606,JU1809336,A1212,1008.216
20180608,JU1800858,A0892,1008.216
20180608,JU1805997,A0990,1008.216
20180613,JU1802115,A0529,1008.216
20180614,JU1804089,A0556,1008.216
20180614,JU1808368,A0377,1008.216
20180614,JU1800020,A1408,1008.216
20180619,JU1805468,A0422,1008.216
20180620,JU1801098,A0534,1008.216
20180625,JU1807039,A1419,1008.216
20180627,JU1809185,A1313,1008.216
20180730,JU1806000,A0649,1008.216
20180802,AU1805857,A0557,1008.216
20180803,AU1804849,A1270,1008.216
20180806,AU1804661,A1062,1008.216
20180810,AU1809096,A0414,1008.216
20180813,AU1801513,A1014,1008.216
20180813,AU1808231,A1407,1008.216
20180815,AU1802942,A0603,1008.216
20180816,AU1807679,A1244,1008.216
20180816,AU1802271,A1232,1008.216
20180816,AU1801092,A1133,1008.216
20180817,AU1804119,A0637,1008.216
20180820,AU1802564,A0722,1008.216
20180820,AU1802879,A0852,1008.216
20180827,AU1801257,A0919,1008.216
20180827,AU1804659,A1348,1008.216
20180828,AU1806596,A0407,1008.216
20180828,AU1804705,A0496,1008.216
20180831,AU1804696,A0403,1008.216
20180904,SE1800572,A0715,1008.216
20180904,SE1806879,A0513,1008.216
20180905,SE1805278,A0905,1008.216
20180907,SE1800477,A1133,1008.216
20180910,SE1808129,A0746,1008.216
20180910,SE1800264,A0993,1008.216
20180910,SE1805906,A0630,1008.216
20180912,SE1806081,A0707,1008.216
20180917,SE1809144,A0350,1008.216
20180918,SE1808754,A0503,1008.216
20180919,SE1803159,A0457,1008.216
20180919,SE1807783,A0625,1008.216
20180920,SE1800675,A0607,1008.216
20180921,SE1809380,A1348,1008.216
20180928,SE1802470,A0353,1008.216
20181005,OC1809224,A1164,1008.216
20180101,JA1801197,A0786,1892.352
20180102,JA1806384,A0732,1892.352
20180104,JA1800499,A0382,1892.352
20180105,JA1805039,A0387,1892.352
20180105,JA1801710,A1230,1892.352
20180109,JA1803318,A1036,1892.352
20180112,JA1800105,A1103,1892.352
20180117,JA1805141,A1314,1892.352
20180117,JA1800895,A0720,1892.352
20180117,JA1806985,A0927,1892.352
20180118,JA1804103,A0665,1892.352
20180122,JA1808012,A1305,1892.352
20180123,JA1800651,A1036,1892.352
20180123,JA1802500,A0977,1892.352
20180124,JA1802035,A0511,1892.352
20180125,JA1806663,A0919,1892.352
20180126,JA1803619,A0799,1892.352
20180126,JA1800097,A0806,1892.352
20180129,JA1806207,A1302,1892.352
20180129,JA1807116,A1210,1892.352
20180131,JA1808266,A0722,1892.352
20180206,FE1801081,A1402,1892.352
20180206,FE1800358,A0881,1892.352
20180207,FE1807795,A1228,1892.352
20180207,FE1802555,A1257,1892.352
20180208,FE1806897,A1142,1892.352
20180208,FE1809180,A0616,1892.352
20180212,FE1800005,A1305,1892.352
20180213,FE1802895,A1129,1892.352
20180214,FE1804389,A0557,1892.352
20180215,FE1808741,A0824,1892.352
20180219,FE1801968,A0893,1892.352
20180219,FE1800175,A1202,1892.352
20180222,FE1808085,A1349,1892.352
20180223,FE1808152,A0824,1892.352
20180226,FE1800815,A0506,1892.352
20180227,FE1808627,A0747,1892.352
20180227,FE1805718,A1299,1892.352
20180301,MA1803444,A0720,1892.352
20181101,NO1808509,A0438,1892.352
20181101,NO1804317,A1215,1892.352
20181105,NO1805778,A0512,1892.352
20181106,NO1808008,A1003,1892.352
20181112,NO1802593,A1063,1892.352
20181114,NO1807346,A1412,1892.352
20181115,NO1806416,A1065,1892.352
20181115,NO1805447,A1270,1892.352
20181116,NO1808884,A0478,1892.352
20181119,NO1800799,A1202,1892.352
20181120,NO1802289,A0681,1892.352
20181122,NO1802349,A1100,1892.352
20181126,NO1802832,A1011,1892.352
20181127,NO1807608,A0503,1892.352
20181127,NO1803940,A0593,1892.352
20181129,NO1806633,A0517,1892.352
20181130,NO1800452,A1240,1892.352
20181130,NO1804711,A0531,1892.352
20181204,DE1806075,A0743,1892.352
20181204,DE1805319,A0385,1892.352
20181205,DE1800925,A0810,1892.352
20181206,DE1807090,A0800,1892.352
20181207,DE1802632,A0467,1892.352
20181207,DE1803367,A1072,1892.352
20181207,DE1806747,A0419,1892.352
20181210,DE1809227,A0747,1892.352
20181212,DE1803545,A1058,1892.352
20181213,DE1804761,A0906,1892.352
20181214,DE1805942,A0592,1892.352
20181219,DE1806189,A0513,1892.352
20181220,DE1807773,A1254,1892.352
20181220,DE1808395,A1225,1892.352
20181225,DE1802482,A1282,1892.352
20181226,DE1807898,A1129,1892.352
20181231,DE1801367,A0760,1892.352
20180102,JA1804872,A1369,913.4235
20180104,JA1805605,A0764,913.4235
20180104,JA1803012,A0412,913.4235
20180104,JA1800908,A1167,913.4235
20180110,JA1804255,A1167,913.4235
20180111,JA1805969,A1242,913.4235
20180112,JA1801479,A0713,913.4235
20180112,JA1800258,A1370,913.4235
20180112,JA1802975,A1420,913.4235
20180116,JA1800797,A0987,913.4235
20180118,JA1804406,A0946,913.4235
20180119,JA1808079,A1319,913.4235
20180123,JA1800714,A1278,913.4235
20180124,JA1808490,A0970,913.4235
20180124,JA1808432,A0506,913.4235
20180125,JA1804553,A1050,913.4235
20180129,JA1806246,A0890,913.4235
20180130,JA1807274,A1216,913.4235
20180130,JA1808997,A1130,913.4235
20180130,JA1801538,A1130,913.4235
20180130,JA1803518,A1270,913.4235
20180201,FE1802399,A1362,913.4235
20180201,FE1804584,A0853,913.4235
20180202,FE1800737,A1058,913.4235
20180205,FE1805296,A0681,913.4235
20180207,FE1802288,A0655,913.4235
20180208,FE1806677,A0773,913.4235
20180209,FE1808198,A0878,913.4235
20180213,FE1805303,A1296,913.4235
20180213,FE1801860,A1236,913.4235
20180213,FE1806024,A0764,913.4235
20180215,FE1801221,A0821,913.4235
20180216,FE1807525,A1274,913.4235
20180216,FE1803578,A0382,913.4235
20180216,FE1801015,A0428,913.4235
20180220,FE1809303,A0845,913.4235
20180220,FE1801923,A0977,913.4235
20180221,FE1805145,A0761,913.4235
20180221,FE1808685,A1055,913.4235
20180223,FE1804616,A0493,913.4235
20180226,FE1808507,A0438,913.4235
20181102,NO1809118,A0458,913.4235
20181108,NO1808908,A0881,913.4235
20181112,NO1806668,A0436,913.4235
20181113,NO1805444,A0369,913.4235
20181113,NO1801297,A0438,913.4235
20181114,NO1801005,A1311,913.4235
20181115,NO1803497,A1110,913.4235
20181122,NO1801638,A1403,913.4235
20181123,NO1806555,A1064,913.4235
20181123,NO1800656,A0643,913.4235
20181127,NO1803209,A1236,913.4235
20181127,NO1803153,A0428,913.4235
20181128,NO1800624,A1036,913.4235
20181128,NO1800673,A0946,913.4235
20181128,NO1807516,A0905,913.4235
20181129,NO1805108,A1197,913.4235
20181130,NO1801153,A0660,913.4235
20181130,NO1807435,A1204,913.4235
20181203,DE1806276,A1353,913.4235
20181203,DE1805512,A1360,913.4235
20181205,DE1806059,A0380,913.4235
20181206,DE1802029,A1237,913.4235
20181206,DE1805841,A0408,913.4235
20181211,DE1807444,A0892,913.4235
20181213,DE1800298,A1316,913.4235
20181219,DE1806984,A0506,913.4235
20181219,DE1803676,A0633,913.4235
20181220,DE1802791,A1412,913.4235
20181227,DE1802750,A1230,913.4235
20181228,DE1808518,A0503,913.4235
20181231,DE1809181,A0815,913.4235
20181231,DE1803162,A1065,913.4235
20181231,DE1803943,A1307,913.4235
20180301,MA1801038,A1030,827.2
20180301,MA1805143,A0906,827.2
20180302,MA1802071,A1202,827.2
20180305,MA1808696,A0987,827.2
20180306,MA1801753,A0670,827.2
20180306,MA1806689,A0629,827.2
20180308,MA1807027,A0610,827.2
20180308,MA1804150,A0731,827.2
20180309,MA1801921,A0470,827.2
20180309,MA1802106,A0659,827.2
20180312,MA1802475,A0761,827.2
20180312,MA1808477,A0503,827.2
20180313,MA1806499,A1202,827.2
20180313,MA1804238,A1031,827.2
20180314,MA1802445,A0808,827.2
20180315,MA1803840,A0552,827.2
20180316,MA1801273,A0495,827.2
20180319,MA1804040,A0937,827.2
20180319,MA1807923,A1030,827.2
20180320,MA1803775,A0798,827.2
20180320,MA1800403,A1282,827.2
20180322,MA1807074,A1419,827.2
20180322,MA1806317,A1334,827.2
20180322,MA1805052,A1100,827.2
20180322,MA1808913,A0987,827.2
20180326,MA1801797,A0795,827.2
20180326,MA1807518,A0379,827.2
20180326,MA1804248,A1035,827.2
20180326,MA1803144,A0679,827.2
20180326,MA1804698,A1249,827.2
20180328,MA1808393,A1350,827.2
20180329,MA1805067,A0627,827.2
20180330,MA1807249,A1243,827.2
20180330,MA1807567,A0404,827.2
20181001,OC1805183,A1312,827.2
20181001,OC1806694,A0878,827.2
20181002,OC1806422,A0503,827.2
20181002,OC1809062,A0852,827.2
20181004,OC1808466,A0903,827.2
20181004,OC1804375,A0670,827.2
20181005,OC1808205,A0421,827.2
20181005,OC1806457,A0472,827.2
20181012,OC1800539,A1144,827.2
20181012,OC1800823,A0629,827.2
20181012,OC1808842,A0716,827.2
20181012,OC1809361,A1129,827.2
20181012,OC1804701,A1076,827.2
20181015,OC1804823,A1272,827.2
20181016,OC1801916,A0967,827.2
20181017,OC1808743,A0633,827.2
20181018,OC1800638,A1212,827.2
20181018,OC1805621,A1085,827.2
20181018,OC1806455,A0883,827.2
20181019,OC1801073,A1057,827.2
20181019,OC1800231,A0574,827.2
20181022,OC1805021,A1255,827.2
20181022,OC1804680,A0773,827.2
20181023,OC1801970,A1416,827.2
20181023,OC1802185,A0785,827.2
20181024,OC1803408,A1382,827.2
20181026,OC1802878,A0884,827.2
20181026,OC1808606,A1304,827.2
20181029,OC1801472,A1323,827.2
20181029,OC1803556,A1057,827.2
20181029,OC1805080,A0530,827.2
20181029,OC1800997,A0799,827.2
20181029,OC1807126,A1225,827.2
20181030,OC1802707,A1091,827.2
20181030,OC1803067,A0552,827.2
20181031,OC1808867,A1136,827.2
20181031,OC1804031,A0836,827.2
20181031,OC1807909,A1144,827.2
20181102,NO1805368,A1163,827.2
20180402,AP1801706,A0725,1489.752
20180402,AP1803498,A0616,1489.752
20180402,AP1801715,A1334,1489.752
20180404,AP1805793,A1067,1489.752
20180404,AP1806347,A1003,1489.752
20180405,AP1803099,A0946,1489.752
20180411,AP1806466,A0922,1489.752
20180416,AP1801891,A1202,1489.752
20180416,AP1805066,A0377,1489.752
20180419,AP1807619,A0878,1489.752
20180425,AP1806869,A0811,1489.752
20180425,AP1804539,A0458,1489.752
20180425,AP1800215,A1271,1489.752
20180426,AP1802084,A0846,1489.752
20180501,MA1801214,A1216,1489.752
20180502,MA1804450,A0816,1489.752
20180502,MA1805956,A1202,1489.752
20180504,MA1803654,A0582,1489.752
20180507,MA1809283,A1302,1489.752
20180507,MA1802178,A0458,1489.752
20180507,MA1809294,A0743,1489.752
20180510,MA1808291,A0821,1489.752
20180510,MA1802063,A0557,1489.752
20180515,MA1805549,A0357,1489.752
20180515,MA1802946,A1343,1489.752
20180516,MA1801262,A1187,1489.752
20180516,MA1804528,A1337,1489.752
20180516,MA1800472,A0749,1489.752
20180518,MA1804454,A1130,1489.752
20180521,MA1801020,A0544,1489.752
20180524,MA1806013,A1229,1489.752
20180525,MA1800595,A1320,1489.752
20180525,MA1802273,A0582,1489.752
20180530,MA1808648,A1153,1489.752
20180531,MA1801846,A0679,1489.752
20180604,JU1800811,A1202,1489.752
20180605,JU1809228,A0977,1489.752
20180606,JU1804968,A1255,1489.752
20180613,JU1800898,A0943,1489.752
20180613,JU1808756,A1020,1489.752
20180620,JU1800185,A1164,1489.752
20180625,JU1803802,A0457,1489.752
20180628,JU1803768,A0961,1489.752
20180802,AU1806256,A0853,1489.752
20180802,AU1804892,A1020,1489.752
20180806,AU1807798,A1226,1489.752
20180807,AU1807010,A1248,1489.752
20180809,AU1805148,A0429,1489.752
20180813,AU1806541,A0494,1489.752
20180816,AU1803569,A1278,1489.752
20180821,AU1804270,A1237,1489.752
20180822,AU1801288,A0545,1489.752
20180828,AU1806771,A0854,1489.752
20180829,AU1809354,A1100,1489.752
20180903,SE1804927,A1251,1489.752
20180903,SE1804334,A0640,1489.752
20180904,SE1806387,A1307,1489.752
20180910,SE1808802,A1170,1489.752
20180910,SE1805045,A0946,1489.752
20180911,SE1809008,A0807,1489.752
20180917,SE1804362,A0765,1489.752
20180917,SE1802163,A0681,1489.752
20180918,SE1803731,A1302,1489.752
20180920,SE1800397,A1256,1489.752
20180921,SE1800030,A1144,1489.752
20180925,SE1803406,A0423,1489.752
20180927,SE1804221,A1147,1489.752
20180927,SE1804772,A0383,1489.752
20180927,SE1809001,A0853,1489.752
20180928,SE1802926,A1176,1489.752
20180302,MA1805036,A1337,954.624
20180302,MA1808454,A1329,954.624
20180302,MA1805900,A0632,954.624
20180302,MA1805639,A0459,954.624
20180302,MA1808755,A0962,954.624
20180305,MA1809081,A0544,954.624
20180306,MA1807232,A1334,954.624
20180307,MA1804630,A0879,954.624
20180309,MA1805279,A0883,954.624
20180309,MA1801606,A0764,954.624
20180314,MA1808981,A0934,954.624
20180314,MA1800232,A0529,954.624
20180314,MA1803928,A1214,954.624
20180315,MA1807542,A1230,954.624
20180316,MA1805676,A0920,954.624
20180319,MA1807146,A1108,954.624
20180319,MA1807694,A1193,954.624
20180321,MA1805833,A0870,954.624
20180321,MA1802015,A0795,954.624
20180321,MA1804857,A0686,954.624
20180322,MA1805356,A1333,954.624
20180323,MA1805215,A0808,954.624
20180323,MA1807793,A1201,954.624
20180327,MA1803190,A0708,954.624
20180327,MA1801041,A1002,954.624
20180327,MA1802908,A0887,954.624
20180327,MA1804641,A0419,954.624
20180327,MA1802817,A0933,954.624
20180328,MA1803537,A1210,954.624
20180328,MA1807077,A0737,954.624
20180328,MA1807109,A0932,954.624
20180328,MA1804252,A1395,954.624
20180329,MA1801576,A0395,954.624
20180329,MA1800566,A0952,954.624
20180330,MA1802643,A0382,954.624
20180330,MA1807522,A1153,954.624
20181001,OC1802198,A1371,954.624
20181002,OC1807450,A0399,954.624
20181005,OC1803034,A1129,954.624
20181005,OC1800995,A0459,954.624
20181005,OC1804944,A0429,954.624
20181008,OC1803400,A1167,954.624
20181009,OC1805858,A0436,954.624
20181009,OC1803700,A0761,954.624
20181011,OC1807463,A0356,954.624
20181011,OC1803071,A0388,954.624
20181012,OC1802505,A0738,954.624
20181012,OC1804280,A0643,954.624
20181015,OC1802546,A1215,954.624
20181016,OC1806539,A1020,954.624
20181017,OC1807458,A1130,954.624
20181018,OC1805984,A1357,954.624
20181019,OC1800781,A0422,954.624
20181022,OC1800778,A1292,954.624
20181022,OC1805202,A0657,954.624
20181022,OC1802602,A1079,954.624
20181024,OC1801811,A1067,954.624
20181024,OC1807403,A0641,954.624
20181025,OC1805341,A0412,954.624
20181025,OC1801229,A0408,954.624
20181026,OC1805297,A1054,954.624
20181026,OC1800545,A1313,954.624
20181026,OC1803228,A1313,954.624
20181029,OC1808325,A0486,954.624
20181030,OC1807390,A0738,954.624
20181031,OC1809204,A0536,954.624
20181031,OC1805170,A1030,954.624
20181031,OC1801233,A1211,954.624
20181031,OC1804337,A1311,954.624
20180102,JA1808305,A1153,1379.84
20180103,JA1808145,A0879,1379.84
20180104,JA1802484,A0578,1379.84
20180105,JA1805058,A0949,1379.84
20180105,JA1802153,A0534,1379.84
20180108,JA1804368,A0529,1379.84
20180110,JA1805150,A1348,1379.84
20180111,JA1803505,A1163,1379.84
20180111,JA1805096,A0369,1379.84
20180118,JA1803387,A1133,1379.84
20180119,JA1803616,A1036,1379.84
20180123,JA1801853,A0862,1379.84
20180123,JA1804473,A0433,1379.84
20180125,JA1808535,A0760,1379.84
20180125,JA1804973,A1160,1379.84
20180130,JA1808264,A1056,1379.84
20180131,JA1802382,A0934,1379.84
20180205,FE1805268,A1202,1379.84
20180205,FE1808621,A1059,1379.84
20180206,FE1808475,A0893,1379.84
20180207,FE1809029,A0471,1379.84
20180208,FE1803089,A0582,1379.84
20180209,FE1804746,A1160,1379.84
20180212,FE1805272,A0879,1379.84
20180213,FE1804482,A0546,1379.84
20180213,FE1802466,A1420,1379.84
20180214,FE1803283,A0724,1379.84
20180215,FE1802387,A1416,1379.84
20180220,FE1802603,A0625,1379.84
20180220,FE1809210,A0994,1379.84
20180220,FE1800216,A0764,1379.84
20180223,FE1805245,A1358,1379.84
20180226,FE1800665,A0870,1379.84
20180226,FE1807011,A1290,1379.84
20180226,FE1806812,A1362,1379.84
20180227,FE1800494,A0880,1379.84
20180227,FE1803069,A1160,1379.84
20181101,NO1803860,A0377,1379.84
20181101,NO1800162,A1188,1379.84
20181101,NO1803808,A1338,1379.84
20181107,NO1803100,A0819,1379.84
20181107,NO1804274,A0724,1379.84
20181107,NO1808766,A1338,1379.84
20181107,NO1802339,A0679,1379.84
20181108,NO1806394,A0480,1379.84
20181113,NO1801432,A1338,1379.84
20181113,NO1806910,A0743,1379.84
20181114,NO1808389,A0754,1379.84
20181116,NO1804298,A0436,1379.84
20181122,NO1802070,A1217,1379.84
20181128,NO1808642,A1160,1379.84
20181129,NO1801025,A0982,1379.84
20181203,DE1804046,A0632,1379.84
20181204,DE1807166,A0688,1379.84
20181204,DE1807338,A0459,1379.84
20181204,DE1801529,A0387,1379.84
20181205,DE1800953,A1181,1379.84
20181206,DE1804906,A1124,1379.84
20181213,DE1809315,A1002,1379.84
20181214,DE1806462,A1316,1379.84
20181217,DE1804814,A1092,1379.84
20181220,DE1801543,A0792,1379.84
20181221,DE1804116,A0630,1379.84
20181224,DE1800188,A0633,1379.84
20181225,DE1802963,A1129,1379.84
20181226,DE1803793,A1039,1379.84
20181227,DE1809026,A1120,1379.84
20190104,JA1906250,A0830,1379.84
20180102,JA1800650,A0566,1978.1616
20180104,JA1805811,A0994,1978.1616
20180109,JA1802023,A1419,1978.1616
20180110,JA1802486,A1313,1978.1616
20180112,JA1800608,A0942,1978.1616
20180115,JA1803351,A0513,1978.1616
20180117,JA1808143,A1142,1978.1616
20180118,JA1806151,A0375,1978.1616
20180118,JA1805779,A1064,1978.1616
20180118,JA1806932,A0636,1978.1616
20180122,JA1801017,A0954,1978.1616
20180122,JA1805946,A0395,1978.1616
20180123,JA1802931,A1282,1978.1616
20180124,JA1806443,A0690,1978.1616
20180124,JA1803361,A0517,1978.1616
20180126,JA1808225,A1225,1978.1616
20180129,JA1804679,A0529,1978.1616
20180129,JA1807807,A1332,1978.1616
20180130,JA1802965,A0990,1978.1616
20180131,JA1805075,A1225,1978.1616
20180201,FE1803119,A0783,1978.1616
20180205,FE1805511,A0930,1978.1616
20180208,FE1801875,A0837,1978.1616
20180208,FE1800441,A0429,1978.1616
20180215,FE1803658,A0716,1978.1616
20180215,FE1802164,A1000,1978.1616
20180215,FE1804459,A0487,1978.1616
20180219,FE1807997,A0350,1978.1616
20180221,FE1805068,A0761,1978.1616
20180223,FE1807089,A0796,1978.1616
20180223,FE1805865,A1067,1978.1616
20180226,FE1808508,A1309,1978.1616
20180227,FE1802520,A1120,1978.1616
20180227,FE1808220,A1230,1978.1616
20180227,FE1800163,A0743,1978.1616
20180301,MA1805986,A1255,1978.1616
20181031,OC1800373,A0811,1978.1616
20181101,NO1806084,A0428,1978.1616
20181102,NO1800362,A0897,1978.1616
20181108,NO1801696,A1130,1978.1616
20181108,NO1803420,A0887,1978.1616
20181112,NO1802417,A1223,1978.1616
20181113,NO1800559,A0942,1978.1616
20181114,NO1803978,A0695,1978.1616
20181114,NO1802233,A0869,1978.1616
20181119,NO1809111,A0603,1978.1616
20181123,NO1801707,A0977,1978.1616
20181127,NO1806244,A1411,1978.1616
20181127,NO1806421,A0357,1978.1616
20181128,NO1803513,A0603,1978.1616
20181129,NO1802587,A1406,1978.1616
20181130,NO1801325,A0880,1978.1616
20181204,DE1801252,A0513,1978.1616
20181205,DE1805919,A0977,1978.1616
20181205,DE1800334,A1297,1978.1616
20181205,DE1809085,A1306,1978.1616
20181206,DE1801642,A1130,1978.1616
20181210,DE1806427,A0934,1978.1616
20181210,DE1805888,A1215,1978.1616
20181212,DE1805000,A0659,1978.1616
20181218,DE1804542,A0610,1978.1616
20181218,DE1804326,A0819,1978.1616
20181221,DE1806102,A1193,1978.1616
20181224,DE1805674,A1161,1978.1616
20181225,DE1807612,A0525,1978.1616
20181226,DE1808723,A0350,1978.1616
20181226,DE1805140,A0495,1978.1616
20180102,JA1803645,A0371,3612.504
20180102,JA1803981,A0422,3612.504
20180109,JA1805295,A1285,3612.504
20180109,JA1804637,A0993,3612.504
20180112,JA1803749,A0852,3612.504
20180115,JA1808186,A1358,3612.504
20180116,JA1804127,A0718,3612.504
20180116,JA1803390,A1139,3612.504
20180116,JA1804587,A0693,3612.504
20180116,JA1807268,A0670,3612.504
20180117,JA1800755,A1050,3612.504
20180118,JA1805679,A0616,3612.504
20180123,JA1802081,A0821,3612.504
20180124,JA1802327,A0963,3612.504
20180125,JA1801260,A0890,3612.504
20180126,JA1800629,A0629,3612.504
20180126,JA1800457,A0704,3612.504
20180130,JA1806093,A1408,3612.504
20180201,FE1800055,A1093,3612.504
20180201,FE1801995,A0905,3612.504
20180202,FE1806661,A0515,3612.504
20180202,FE1808379,A1146,3612.504
20180205,FE1806670,A0419,3612.504
20180207,FE1807594,A0990,3612.504
20180209,FE1800922,A1191,3612.504
20180212,FE1802819,A0923,3612.504
20180212,FE1806882,A0815,3612.504
20180213,FE1805818,A0808,3612.504
20180214,FE1807373,A0897,3612.504
20180216,FE1807443,A0473,3612.504
20180216,FE1800935,A1316,3612.504
20180219,FE1803715,A1215,3612.504
20180221,FE1805809,A0795,3612.504
20180222,FE1804548,A0914,3612.504
20180223,FE1804483,A0998,3612.504
20180226,FE1802028,A0419,3612.504
20180228,FE1801364,A1319,3612.504
20180302,MA1806413,A0845,3612.504
20181105,NO1801313,A0470,3612.504
20181106,NO1807004,A0643,3612.504
20181106,NO1807984,A0945,3612.504
20181113,NO1802038,A0822,3612.504
20181114,NO1803148,A0708,3612.504
20181114,NO1805288,A0655,3612.504
20181119,NO1805831,A0629,3612.504
20181120,NO1807245,A0428,3612.504
20181120,NO1800512,A0522,3612.504
20181122,NO1806258,A1003,3612.504
20181129,NO1801808,A0930,3612.504
20181130,NO1802607,A1014,3612.504
20181130,NO1808619,A0961,3612.504
20181206,DE1801812,A0445,3612.504
20181206,DE1806970,A0529,3612.504
20181206,DE1806067,A1065,3612.504
20181207,DE1801397,A1346,3612.504
20181207,DE1806106,A0554,3612.504
20181210,DE1800085,A0975,3612.504
20181211,DE1803247,A0826,3612.504
20181211,DE1801771,A0431,3612.504
20181212,DE1807200,A1320,3612.504
20181213,DE1804942,A1208,3612.504
20181221,DE1803335,A0395,3612.504
20181224,DE1809308,A1047,3612.504
20181225,DE1808035,A0864,3612.504
20181227,DE1803773,A1114,3612.504
20190101,JA1907082,A0978,3612.504
20190101,JA1904689,A0878,3612.504
20180403,AP1808768,A1204,2016.432
20180403,AP1807350,A0620,2016.432
20180411,AP1801409,A0411,2016.432
20180412,AP1801434,A0513,2016.432
20180413,AP1806048,A0972,2016.432
20180416,AP1807132,A0428,2016.432
20180420,AP1801028,A0913,2016.432
20180420,AP1803402,A0993,2016.432
20180423,AP1806033,A0949,2016.432
20180424,AP1809322,A0633,2016.432
20180424,AP1802318,A0946,2016.432
20180425,AP1807786,A1270,2016.432
20180425,AP1807325,A0897,2016.432
20180427,AP1804733,A0519,2016.432
20180430,AP1800006,A1333,2016.432
20180430,AP1805386,A0353,2016.432
20180503,MA1808352,A1092,2016.432
20180503,MA1801331,A0574,2016.432
20180503,MA1802620,A0426,2016.432
20180503,MA1800050,A0990,2016.432
20180509,MA1801492,A0426,2016.432
20180509,MA1808783,A0992,2016.432
20180510,MA1800735,A0906,2016.432
20180514,MA1800276,A1320,2016.432
20180515,MA1806186,A0603,2016.432
20180515,MA1804811,A1237,2016.432
20180517,MA1802730,A0801,2016.432
20180518,MA1801401,A0933,2016.432
20180518,MA1806921,A1054,2016.432
20180523,MA1803135,A0695,2016.432
20180528,MA1804994,A0377,2016.432
20180528,MA1805389,A0607,2016.432
20180530,MA1808682,A0824,2016.432
20180530,MA1805895,A0681,2016.432
20180604,JU1801077,A0522,2016.432
20180605,JU1807897,A1076,2016.432
20180608,JU1808366,A0610,2016.432
20180615,JU1805979,A1130,2016.432
20180615,JU1808976,A0444,2016.432
20180622,JU1806006,A0919,2016.432
20180627,JU1808998,A1197,2016.432
20180730,JU1805315,A1260,2016.432
20180801,AU1806608,A1237,2016.432
20180802,AU1803517,A1413,2016.432
20180807,AU1806083,A1285,2016.432
20180810,AU1808230,A0387,2016.432
20180813,AU1806076,A0737,2016.432
20180821,AU1803539,A1030,2016.432
20180821,AU1807729,A0704,2016.432
20180827,AU1807629,A1331,2016.432
20180829,AU1809057,A0884,2016.432
20180829,AU1808571,A1058,2016.432
20180907,SE1802433,A1146,2016.432
20180907,SE1808678,A0811,2016.432
20180910,SE1801141,A1186,2016.432
20180911,SE1801004,A1065,2016.432
20180912,SE1806037,A0745,2016.432
20180912,SE1804412,A0796,2016.432
20180919,SE1807179,A1212,2016.432
20180921,SE1800948,A0743,2016.432
20180921,SE1801439,A1103,2016.432
20180921,SE1800387,A1416,2016.432
20180925,SE1805409,A0520,2016.432
20180926,SE1801227,A1358,2016.432
20180927,SE1803348,A1089,2016.432
20180102,JA1802358,A0824,1826.847
20180103,JA1801617,A0610,1826.847
20180103,JA1805043,A0952,1826.847
20180104,JA1804753,A1337,1826.847
20180104,JA1802386,A1212,1826.847
20180110,JA1800914,A0661,1826.847
20180110,JA1808727,A1323,1826.847
20180110,JA1806357,A0350,1826.847
20180111,JA1800563,A0629,1826.847
20180112,JA1802800,A1337,1826.847
20180117,JA1806542,A1286,1826.847
20180126,JA1806448,A0726,1826.847
20180130,JA1802218,A1047,1826.847
20180131,JA1800001,A1332,1826.847
20180131,JA1806711,A1050,1826.847
20180131,JA1808214,A0454,1826.847
20180205,FE1804589,A0411,1826.847
20180205,FE1800434,A1332,1826.847
20180207,FE1801461,A0466,1826.847
20180209,FE1804693,A1056,1826.847
20180213,FE1804729,A1320,1826.847
20180214,FE1802809,A1305,1826.847
20180215,FE1808036,A1112,1826.847
20180219,FE1807618,A0835,1826.847
20180221,FE1808991,A1390,1826.847
20180227,FE1807070,A0745,1826.847
20180228,FE1800862,A0919,1826.847
20180302,MA1801629,A1381,1826.847
20181031,OC1800644,A0431,1826.847
20181101,NO1802976,A1357,1826.847
20181106,NO1804541,A0845,1826.847
20181108,NO1801965,A1036,1826.847
20181109,NO1804465,A0802,1826.847
20181109,NO1804447,A0863,1826.847
20181113,NO1805999,A0941,1826.847
20181114,NO1800594,A1181,1826.847
20181115,NO1802481,A0952,1826.847
20181115,NO1801482,A0552,1826.847
20181120,NO1800581,A1056,1826.847
20181123,NO1804245,A0961,1826.847
20181126,NO1800834,A0571,1826.847
20181126,NO1802431,A0892,1826.847
20181126,NO1808690,A0795,1826.847
20181127,NO1803759,A0749,1826.847
20181204,DE1801414,A0837,1826.847
20181204,DE1807718,A1248,1826.847
20181204,DE1805948,A0559,1826.847
20181205,DE1801355,A0353,1826.847
20181206,DE1802217,A0853,1826.847
20181211,DE1807659,A0377,1826.847
20181211,DE1805006,A0878,1826.847
20181217,DE1802566,A0762,1826.847
20181217,DE1801721,A1058,1826.847
20181217,DE1800977,A1358,1826.847
20181217,DE1802618,A0530,1826.847
20181217,DE1804372,A0903,1826.847
20181218,DE1800687,A0799,1826.847
20181220,DE1809263,A0636,1826.847
20181225,DE1809021,A0427,1826.847
20181226,DE1801268,A1076,1826.847
20181226,DE1805964,A0683,1826.847
20181226,DE1800502,A0681,1826.847
20181228,DE1803975,A0901,1826.847
20190101,JA1902854,A0452,1826.847
20180102,JA1804344,A0562,3142.825
20180102,JA1805726,A0635,5686.14528
20180102,JA1800695,A0843,2450.55888
20180102,JA1805069,A1100,10710.05184
20180102,JA1804134,A1265,1461.4776
20180102,JA1808877,A0684,4738.4544
20180102,JA1804519,A0802,4214.588
20180102,JA1805359,A0799,2673.792
20180102,JA1800653,A0408,17946.8784
20180102,JA1805574,A1055,205.7
20180102,JA1808003,A0880,6020.84
20180102,JA1805644,A0602,2450.55888
20180102,JA1806733,A1277,5686.14528
20180102,JA1804194,A1089,102.85
20180102,JA1808424,A0452,1461.4776
20180103,JA1804028,A1350,2472.702
20180103,JA1800369,A0424,1257.13
20180103,JA1807742,A1015,4738.4544
20180103,JA1807009,A0597,4214.588
20180103,JA1805463,A0728,4214.588
20180103,JA1807597,A1101,365.3694
20180103,JA1807681,A1360,3565.056
20180103,JA1800524,A0796,5934.48768
20180103,JA1807380,A0992,2365.44
20180103,JA1809312,A0965,5686.14528
20180103,JA1802177,A0731,13602.624
20180103,JA1806147,A0808,3142.825
20180103,JA1809208,A0994,4200.95808
20180103,JA1804312,A1067,205.7
20180103,JA1803888,A0542,314.2825
20180104,JA1807651,A1295,5934.48768
20180104,JA1807123,A1031,3316.91808
20180104,JA1807767,A1343,4200.95808
20180104,JA1804979,A1055,6740.8
20180104,JA1803783,A0387,2450.55888
20180104,JA1801927,A1305,6740.8
20180104,JA1802270,A1409,4738.4544
20180104,JA1805110,A1406,3500.7984
20180104,JA1802948,A0513,25690.7
20180104,JA1807509,A0408,20243.112
20180104,JA1802305,A0978,7912.65024
20180104,JA1806154,A1227,3500.7984
20180104,JA1804113,A0557,365.3694
20180104,JA1805184,A0690,628.565
20180105,JA1801584,A0409,25690.7
20180105,JA1808100,A0807,2450.55888
20180105,JA1805651,A0736,2365.44
20180105,JA1804168,A1149,1461.4776
20180105,JA1802778,A0424,1571.4125
20180105,JA1805688,A0470,628.565
20180105,JA1804886,A1333,2472.702
20180105,JA1808562,A0387,7225.008
20180105,JA1806279,A0816,6020.84
20180105,JA1802780,A0745,2450.55888
20180105,JA1809030,A0415,4214.588
20180108,JA1809064,A1069,4200.95808
20180108,JA1803848,A0404,4214.588
20180108,JA1803677,A0592,3342.24
20180108,JA1807730,A1326,4200.95808
20180108,JA1802101,A0589,514.25
20180108,JA1805980,A0743,6020.84
20180108,JA1804924,A1176,3500.7984
20180108,JA1801370,A1316,4200.95808
20180108,JA1804918,A1338,3500.7984
20180108,JA1805915,A1311,1257.13
20180108,JA1807237,A0684,5934.48768
20180108,JA1802100,A0399,494.5404
20180108,JA1806221,A0472,4738.4544
20180108,JA1807944,A0703,4200.95808
20180108,JA1807306,A0542,247.2702
20180108,JA1803479,A0852,514.25
20180108,JA1805217,A1120,365.3694
20180109,JA1801026,A1420,2450.55888
20180109,JA1807309,A1384,102.85
20180109,JA1803640,A0786,514.25
20180109,JA1808813,A0799,2673.792
20180109,JA1803796,A1285,2450.55888
20180109,JA1804227,A1282,5686.14528
20180109,JA1804860,A1313,1461.4776
20180109,JA1801067,A1390,3500.7984
20180109,JA1806649,A1095,4214.588
20180109,JA1804477,A0473,3142.825
20180109,JA1809237,A1236,10111.2
20180109,JA1806432,A0517,3316.91808
20180109,JA1805677,A1058,82.28
20180109,JA1801343,A0552,10201.968
20180110,JA1807928,A1195,2450.55888
20180110,JA1808857,A1018,4738.4544
20180110,JA1801939,A1308,1461.4776
20180110,JA1808213,A0616,7912.65024
20180110,JA1808195,A1362,3500.7984
20180110,JA1805449,A1030,3342.24
20180110,JA1801131,A0880,24291.7344
20180110,JA1807901,A1056,7225.008
20180110,JA1807257,A0438,1257.13
20180110,JA1804762,A1068,1571.4125
20180110,JA1803890,A0771,1461.4776
20180110,JA1804311,A1353,8032.53888
20180110,JA1801049,A1225,2365.44
20180110,JA1808491,A1103,3316.91808
20180110,JA1803005,A0952,1571.4125
20180110,JA1803462,A0432,514.25
20180111,JA1804936,A0432,2365.44
20180111,JA1801031,A0660,6740.8
20180111,JA1807358,A0756,3342.24
20180111,JA1806829,A1073,3142.825
20180111,JA1803712,A1276,514.25
20180111,JA1807392,A0760,3500.7984
20180111,JA1800453,A0930,2365.44
20180111,JA1806697,A0641,4456.32
20180111,JA1801168,A0880,1236.351
20180111,JA1801951,A0953,494.5404
20180111,JA1800954,A0380,6020.84
20180111,JA1802859,A0747,102.85
20180111,JA1807812,A0853,3500.7984
20180111,JA1800677,A1232,5313
20180111,JA1805623,A1030,2472.702
20180111,JA1802736,A1124,2472.702
20180112,JA1806964,A1240,6020.84
20180112,JA1800829,A0581,164.56
20180112,JA1807832,A0421,1236.351
20180112,JA1801110,A0375,514.25
20180112,JA1809241,A0519,2450.55888
20180112,JA1801449,A0655,6740.8
20180112,JA1808517,A1035,514.25
20180112,JA1801007,A0953,14955.732
20180112,JA1808073,A0716,2450.55888
20180112,JA1806382,A0952,1461.4776
20180112,JA1801411,A1007,10111.2
20180112,JA1804189,A1076,1571.4125
20180115,JA1806170,A0407,8426
20180115,JA1801457,A0626,2472.702
20180115,JA1801533,A0741,4456.32
20180115,JA1806963,A0921,2365.44
20180115,JA1800740,A1278,102.85
20180115,JA1804508,A0992,3316.91808
20180115,JA1806239,A1162,3500.7984
20180115,JA1807355,A0403,8032.53888
20180115,JA1807320,A0907,3316.91808
20180115,JA1807167,A0771,1461.4776
20180115,JA1803195,A0444,8426
20180115,JA1803901,A0761,4738.4544
20180115,JA1806098,A1226,2514.26
20180116,JA1808396,A0807,1257.13
20180116,JA1807541,A1127,3342.24
20180116,JA1808581,A0471,5934.48768
20180116,JA1807616,A0716,1257.13
20180116,JA1802887,A0988,5934.48768
20180116,JA1800646,A1101,2472.702
20180116,JA1804914,A0414,4456.32
20180116,JA1804234,A0754,1257.13
20180116,JA1805626,A0528,8032.53888
20180116,JA1808355,A0462,7225.008
20180116,JA1805720,A0377,5686.14528
20180116,JA1800335,A0720,1236.351
20180116,JA1805162,A0771,514.25
20180117,JA1809332,A0879,2472.702
20180117,JA1800980,A0466,2365.44
20180117,JA1807861,A0929,10710.05184
20180117,JA1806561,A0982,8032.53888
20180117,JA1800704,A0963,514.25
20180117,JA1802283,A1110,4738.4544
20180117,JA1803501,A0452,7225.008
20180117,JA1803111,A0547,164.56
20180117,JA1807794,A1215,1257.13
20180117,JA1800840,A0815,2673.792
20180118,JA1807475,A0505,1461.4776
20180118,JA1802441,A1367,2365.44
20180118,JA1808943,A1229,10710.05184
20180118,JA1803788,A1167,2673.792
20180118,JA1800259,A0861,4456.32
20180118,JA1800627,A0353,3342.24
20180118,JA1807255,A1240,2673.792
20180118,JA1801467,A1055,5686.14528
20180119,JA1807111,A0731,14955.732
20180119,JA1803782,A1241,2450.55888
20180119,JA1805371,A1120,5313
20180119,JA1804825,A0944,4738.4544
20180119,JA1809268,A1305,6740.8
20180119,JA1800379,A0930,514.25
20180119,JA1807193,A1054,10201.968
20180119,JA1802756,A0798,164.56
20180119,JA1807292,A0942,5686.14528
20180119,JA1804075,A1062,5686.14528
20180119,JA1808781,A1357,2450.55888
20180119,JA1805746,A1089,25690.7
20180119,JA1806078,A0389,4738.4544
20180119,JA1808626,A0504,3316.91808
20180122,JA1804582,A0494,3316.91808
20180122,JA1805675,A1056,514.25
20180122,JA1800115,A1244,14955.732
20180122,JA1804636,A1078,20243.112
20180122,JA1804678,A0368,514.25
20180122,JA1808810,A0546,1236.351
20180122,JA1806862,A0581,1236.351
20180122,JA1800117,A1017,164.56
20180122,JA1804766,A1309,4738.4544
20180122,JA1804174,A1172,13602.624
20180122,JA1806166,A0928,25690.7
20180122,JA1804078,A0659,365.3694
20180122,JA1803394,A0655,1257.13
20180122,JA1801065,A1274,2472.702
20180122,JA1801560,A1388,205.7
20180122,JA1807728,A1163,2673.792
20180122,JA1805930,A1103,2450.55888
20180122,JA1808056,A0988,4214.588
20180122,JA1808994,A1232,2514.26
20180122,JA1804817,A1285,4214.588
20180122,JA1804402,A1265,365.3694
20180122,JA1802057,A0412,5934.48768
20180122,JA1806328,A0415,365.3694
20180122,JA1800961,A1064,2450.55888
20180122,JA1807151,A1360,164.56
20180122,JA1804782,A0412,2450.55888
20180122,JA1805405,A1332,2472.702
20180123,JA1806839,A0611,4214.588
20180123,JA1807118,A1078,16208.85
20180123,JA1807727,A1044,1461.4776
20180123,JA1804987,A0411,3500.7984
20180123,JA1808190,A1316,1461.4776
20180123,JA1801992,A0666,3500.7984
20180123,JA1801644,A0940,2472.702
20180123,JA1806909,A0799,7225.008
20180123,JA1808054,A1137,24291.7344
20180123,JA1804336,A0643,5313
20180123,JA1803636,A0513,1257.13
20180123,JA1805580,A0559,4200.95808
20180123,JA1809271,A0906,2514.26
20180123,JA1806431,A0816,3500.7984
20180123,JA1806358,A0633,2450.55888
20180123,JA1804410,A0505,4200.95808
20180123,JA1806540,A0529,7225.008
20180123,JA1802631,A1116,2514.26
20180123,JA1804393,A1333,82.28
20180124,JA1802323,A1169,1236.351
20180124,JA1802903,A0609,514.25
20180124,JA1800513,A1186,20243.112
20180124,JA1804125,A0967,6020.84
20180124,JA1808950,A1202,7225.008
20180124,JA1802997,A1305,8426
20180124,JA1809343,A1353,6740.8
20180124,JA1801487,A0802,1257.13
20180124,JA1801632,A1064,4738.4544
20180124,JA1803627,A0452,3142.825
20180124,JA1801347,A0754,205.7
20180124,JA1805577,A0615,4200.95808
20180124,JA1803703,A0771,6740.8
20180125,JA1802188,A0369,3316.91808
20180125,JA1808996,A0407,4200.95808
20180125,JA1803055,A1270,2472.702
20180125,JA1800357,A0997,3500.7984
20180125,JA1800214,A1202,628.565
20180125,JA1806308,A1142,1461.4776
20180125,JA1807871,A1320,10710.05184
20180125,JA1800034,A1408,514.25
20180125,JA1807171,A0988,6020.84
20180125,JA1802079,A0708,1461.4776
20180125,JA1807186,A1363,2450.55888
20180125,JA1808622,A0830,205.7
20180125,JA1804159,A0414,2365.44
20180126,JA1805570,A1242,6020.84
20180126,JA1802311,A1100,4738.4544
20180126,JA1801799,A1118,4456.32
20180126,JA1808301,A1415,8088.96
20180126,JA1802054,A0415,6020.84
20180126,JA1804355,A1257,2472.702
20180126,JA1808651,A0514,7225.008
20180126,JA1800407,A1230,514.25
20180129,JA1805882,A0764,3342.24
20180129,JA1804487,A0932,6740.8
20180129,JA1802523,A0615,4738.4544
20180129,JA1801840,A0782,3500.7984
20180129,JA1808625,A1382,1571.4125
20180129,JA1800230,A0905,6020.84
20180129,JA1803904,A0377,1461.4776
20180129,JA1802737,A0507,4738.4544
20180129,JA1802151,A1133,1461.4776
20180129,JA1800664,A1329,4200.95808
20180129,JA1802438,A0869,1571.4125
20180129,JA1801821,A1420,205.7
20180129,JA1802582,A0369,2472.702
20180129,JA1806824,A0515,5934.48768
20180129,JA1805171,A0510,7912.65024
20180129,JA1804044,A0819,10201.968
20180129,JA1801296,A1055,7225.008
20180130,JA1800508,A0548,2472.702
20180130,JA1806574,A0429,3316.91808
20180130,JA1806270,A1167,365.3694
20180130,JA1807336,A0640,164.56
20180130,JA1802138,A0906,3500.7984
20180130,JA1808013,A0952,8426
20180130,JA1803552,A0879,8426
20180130,JA1805795,A0352,3500.7984
20180130,JA1805990,A0987,82.28
20180130,JA1802381,A1120,2514.26
20180130,JA1804518,A1353,2673.792
20180130,JA1802597,A1319,6740.8
20180130,JA1801267,A1187,2365.44
20180130,JA1800244,A0880,4250.4
20180131,JA1800999,A1050,6020.84
20180131,JA1808945,A1101,4214.588
20180131,JA1806645,A1058,8426
20180131,JA1801241,A0945,7225.008
20180131,JA1801557,A1009,2514.26
20180131,JA1809046,A1292,2450.55888
20180131,JA1800887,A1124,7225.008
20180131,JA1800193,A1064,5313
20180131,JA1803910,A1167,514.25
20180131,JA1808281,A1372,8426
20180131,JA1801106,A0655,2365.44
20180201,FE1808394,A0895,6020.84
20180201,FE1807978,A0992,1257.13
20180201,FE1805673,A0423,2450.55888
20180201,FE1804045,A1346,13602.624
20180201,FE1804545,A0629,1461.4776
20180201,FE1804239,A0949,4214.588
20180201,FE1803377,A0377,2365.44
20180201,FE1800817,A0852,4200.95808
20180201,FE1800885,A0512,1461.4776
20180201,FE1808167,A0387,2450.55888
20180201,FE1804525,A0557,514.25
20180201,FE1809168,A1388,1461.4776
20180201,FE1807819,A1225,10710.05184
20180201,FE1801051,A0905,2472.702
20180201,FE1803949,A0792,4738.4544
20180201,FE1806090,A1103,164.56
20180201,FE1809214,A1202,6740.8
20180201,FE1808776,A1413,2450.55888
20180201,FE1801210,A0665,2365.44
20180202,FE1806511,A1162,4200.95808
20180202,FE1800762,A0665,4214.588
20180202,FE1803386,A0454,5934.48768
20180202,FE1801294,A1137,3142.825
20180202,FE1805901,A0922,4200.95808
20180202,FE1801393,A1204,4214.588
20180202,FE1801612,A1257,5313
20180202,FE1807058,A0816,514.25
20180202,FE1809273,A0830,494.5404
20180202,FE1808650,A1202,514.25
20180202,FE1806760,A1159,1461.4776
20180202,FE1802723,A0937,3142.825
20180202,FE1807172,A0799,4214.588
20180202,FE1800040,A1232,1571.4125
20180202,FE1808909,A0754,25690.7
20180202,FE1803223,A0862,8426
20180202,FE1804949,A0789,164.56
20180202,FE1807234,A1134,4738.4544
20180202,FE1800414,A0355,2450.55888
20180205,FE1806470,A1132,2472.702
20180205,FE1803207,A0732,494.5404
20180205,FE1805309,A0406,247.2702
20180205,FE1800910,A1169,2365.44
20180205,FE1807298,A0377,25690.7
20180205,FE1807766,A0576,1461.4776
20180205,FE1803371,A0352,1461.4776
20180205,FE1805472,A1237,24291.7344
20180205,FE1802590,A1313,3500.7984
20180205,FE1803804,A1403,3500.7984
20180205,FE1802264,A0641,2450.55888
20180205,FE1800002,A0382,182.6847
20180205,FE1809278,A0930,8426
20180205,FE1808566,A0505,4200.95808
20180205,FE1808194,A1230,164.56
20180206,FE1809043,A0531,2450.55888
20180206,FE1800319,A0954,2450.55888
20180206,FE1803158,A1191,2514.26
20180206,FE1801109,A0931,5686.14528
20180206,FE1804497,A1089,2514.26
20180206,FE1804264,A1035,3500.7984
20180206,FE1802044,A1270,10201.968
20180206,FE1807080,A0412,3342.24
20180206,FE1808664,A0800,514.25
20180206,FE1802287,A0513,5934.48768
20180206,FE1801673,A0472,182.6847
20180206,FE1806967,A1120,1236.351
20180206,FE1800228,A0534,12766.716
20180206,FE1800217,A1178,3142.825
20180207,FE1808687,A0372,20243.112
20180207,FE1806630,A1226,1461.4776
20180207,FE1800204,A0379,314.2825
20180207,FE1801843,A1169,1257.13
20180207,FE1800177,A0548,1257.13
20180207,FE1808001,A0542,2514.26
20180207,FE1807537,A0744,1236.351
20180207,FE1803867,A0880,1461.4776
20180207,FE1806567,A0992,7225.008
20180207,FE1802919,A0519,4738.4544
20180207,FE1805924,A0796,3316.91808
20180207,FE1802532,A1128,2514.26
20180208,FE1800076,A1178,1571.4125
20180208,FE1805047,A1102,182.6847
20180208,FE1804278,A0474,30828.84
20180208,FE1800567,A0545,494.5404
20180208,FE1801349,A0901,6020.84
20180208,FE1805561,A0443,4738.4544
20180208,FE1808404,A0934,182.6847
20180208,FE1803698,A0419,1257.13
20180208,FE1806990,A0955,1236.351
20180208,FE1801695,A1358,1257.13
20180208,FE1808322,A0547,2450.55888
20180208,FE1800771,A1412,182.6847
20180208,FE1801258,A1257,2450.55888
20180208,FE1800991,A0994,3142.825
20180208,FE1803130,A1367,6740.8
20180209,FE1804791,A0422,4738.4544
20180209,FE1804739,A0583,1461.4776
20180209,FE1807492,A1299,13602.624
20180209,FE1804612,A1397,6740.8
20180209,FE1808285,A0455,247.2702
20180209,FE1802156,A1274,2365.44
20180209,FE1809326,A1226,8088.96
20180209,FE1800612,A0633,10201.968
20180209,FE1804365,A0495,4214.588
20180209,FE1807072,A1056,3342.24
20180209,FE1800128,A0601,6740.8
20180209,FE1808795,A0688,7225.008
20180209,FE1807145,A0495,3142.825
20180212,FE1803077,A1138,7225.008
20180212,FE1800801,A0609,82.28
20180212,FE1805313,A1228,164.56
20180212,FE1809092,A0574,514.25
20180212,FE1800466,A0997,247.2702
20180212,FE1802579,A1316,5686.14528
20180212,FE1800130,A0629,30828.84
20180212,FE1805411,A0375,2450.55888
20180212,FE1802613,A0464,3316.91808
20180212,FE1805369,A1282,4214.588
20180212,FE1801640,A0990,1257.13
20180212,FE1800435,A1212,20243.112
20180213,FE1802334,A0716,3142.825
20180213,FE1808725,A1195,2472.702
20180213,FE1803906,A0354,2514.26
20180213,FE1802535,A1142,82.28
20180213,FE1801183,A0470,3500.7984
20180213,FE1802086,A0422,1571.4125
20180213,FE1804605,A0760,4738.4544
20180213,FE1803011,A0703,4738.4544
20180213,FE1806217,A1311,4200.95808
20180213,FE1801353,A1348,514.25
20180213,FE1803828,A1338,4200.95808
20180213,FE1809076,A0356,3500.7984
20180213,FE1800891,A0531,5686.14528
20180214,FE1800592,A1129,2472.702
20180214,FE1808847,A0890,1461.4776
20180214,FE1805201,A1223,1236.351
20180214,FE1807524,A1020,2450.55888
20180214,FE1807449,A0746,1461.4776
20180214,FE1807735,A1419,4214.588
20180214,FE1805475,A0387,2450.55888
20180214,FE1806977,A0534,3142.825
20180214,FE1802835,A0744,1236.351
20180214,FE1803467,A0701,5934.48768
20180214,FE1803172,A0942,365.3694
20180214,FE1805725,A0513,514.25
20180214,FE1806863,A0881,8032.53888
20180215,FE1803218,A0769,2450.55888
20180215,FE1803020,A0920,3565.056
20180215,FE1807180,A0943,1571.4125
20180215,FE1807859,A0522,6020.84
20180215,FE1809339,A1226,8088.96
20180215,FE1802533,A0462,1461.4776
20180215,FE1802655,A0609,3500.7984
20180215,FE1808489,A0758,16208.85
20180215,FE1803439,A0916,2673.792
20180215,FE1804111,A1286,4200.95808
20180215,FE1801099,A0955,514.25
20180215,FE1809366,A0415,4738.4544
20180215,FE1802102,A0945,3142.825
20180215,FE1807610,A0963,2514.26
20180215,FE1805412,A0781,2673.792
20180215,FE1804164,A0861,8426
20180215,FE1803872,A1176,7912.65024
20180215,FE1806803,A0945,8426
20180215,FE1809155,A0798,4214.588
20180215,FE1806061,A1255,25690.7
20180215,FE1808168,A1188,164.56
20180215,FE1800605,A1000,5313
20180216,FE1802635,A1271,25690.7
20180216,FE1801126,A0724,5686.14528
20180216,FE1800462,A0761,514.25
20180216,FE1801872,A0372,1571.4125
20180216,FE1800859,A0970,9432.126
20180216,FE1806241,A1191,102.85
20180216,FE1807119,A0493,5686.14528
20180216,FE1804842,A1068,4200.95808
20180216,FE1801739,A1093,10710.05184
20180216,FE1800621,A0718,3316.91808
20180216,FE1802842,A1103,4738.4544
20180216,FE1803334,A0655,514.25
20180219,FE1803227,A1397,5686.14528
20180219,FE1805750,A0925,4456.32
20180219,FE1800207,A0536,6020.84
20180219,FE1805732,A0648,6020.84
20180219,FE1806671,A0435,2450.55888
20180219,FE1806094,A0363,1571.4125
20180219,FE1802860,A0962,2514.26
20180219,FE1806125,A0654,1461.4776
20180219,FE1802941,A1271,4200.95808
20180219,FE1806923,A0742,2365.44
20180219,FE1801361,A0357,2673.792
20180219,FE1809360,A0754,16208.85
20180219,FE1802544,A0684,1236.351
20180219,FE1808665,A0945,2472.702
20180219,FE1801961,A1058,4200.95808
20180219,FE1803722,A0883,82.28
20180219,FE1800591,A0375,5313
20180219,FE1808184,A1415,3565.056
20180219,FE1801130,A1163,20243.112
20180219,FE1801470,A0743,5686.14528
20180219,FE1807478,A0982,514.25
20180219,FE1803746,A0967,365.3694
20180219,FE1801566,A1290,3500.7984
20180219,FE1802646,A0495,365.3694
20180219,FE1808045,A1410,10710.05184
20180219,FE1803422,A0949,1236.351
20180220,FE1801421,A0945,9432.126
20180220,FE1805149,A0616,20243.112
20180220,FE1801945,A0641,314.2825
20180220,FE1807096,A0967,5934.48768
20180220,FE1801244,A0737,4200.95808
20180220,FE1801284,A0901,5934.48768
20180220,FE1802409,A0833,2514.26
20180220,FE1808113,A1343,13602.624
20180220,FE1800391,A0927,1236.351
20180220,FE1800433,A1323,205.7
20180220,FE1806563,A0815,3500.7984
20180220,FE1804167,A1416,4456.32
20180220,FE1805385,A1338,2472.702
20180220,FE1804494,A1161,8426
20180220,FE1800810,A1164,3342.24
20180220,FE1808794,A1333,2365.44
20180220,FE1804047,A1278,3565.056
20180221,FE1800333,A1337,2365.44
20180221,FE1802507,A0528,8426
20180221,FE1806230,A0487,205.7
20180221,FE1803051,A0863,12766.716
20180221,FE1803600,A0884,20243.112
20180221,FE1803542,A1163,6020.84
20180221,FE1802291,A1208,6740.8
20180221,FE1805257,A0703,4200.95808
20180221,FE1801274,A1100,82.28
20180221,FE1808632,A1216,10111.2
20180221,FE1803540,A0707,4456.32
20180221,FE1808496,A0862,3342.24
20180221,FE1801462,A1014,514.25
20180221,FE1802615,A1124,2472.702
20180222,FE1800181,A0827,3316.91808
20180222,FE1802016,A1178,1236.351
20180222,FE1805545,A1152,1461.4776
20180222,FE1803137,A1411,4214.588
20180222,FE1803397,A1077,2673.792
20180222,FE1803286,A0781,16208.85
20180222,FE1800190,A0972,514.25
20180222,FE1800763,A0493,2472.702
20180222,FE1805886,A0464,2472.702
20180222,FE1806444,A0830,4214.588
20180222,FE1807025,A0513,8426
20180222,FE1808918,A0385,2472.702
20180222,FE1805016,A0531,1257.13
20180222,FE1803376,A1055,2365.44
20180222,FE1806987,A1142,8426
20180222,FE1809219,A0760,8088.96
20180222,FE1804380,A0522,4738.4544
20180222,FE1805122,A0632,1571.4125
20180222,FE1802333,A0931,4214.588
20180222,FE1807226,A0471,8088.96
20180222,FE1802851,A0927,4214.588
20180223,FE1809140,A0574,3316.91808
20180223,FE1805659,A1153,365.3694
20180223,FE1807757,A0569,628.565
20180223,FE1806513,A1135,10201.968
20180223,FE1804064,A0716,7912.65024
20180223,FE1807294,A1079,1236.351
20180223,FE1805934,A1254,8426
20180223,FE1804489,A1307,9432.126
20180223,FE1806568,A0879,5313
20180223,FE1808130,A1062,1571.4125
20180223,FE1800967,A0587,2450.55888
20180223,FE1809054,A1282,164.56
20180223,FE1801823,A1202,3316.91808
20180223,FE1804930,A0578,1257.13
20180223,FE1800777,A0463,1257.13
20180223,FE1800588,A0955,3316.91808
20180223,FE1800830,A0892,2514.26
20180223,FE1806398,A1291,4214.588
20180223,FE1807577,A0990,4214.588
20180226,FE1800739,A0472,5686.14528
20180226,FE1804802,A0665,2365.44
20180226,FE1800674,A0534,514.25
20180226,FE1807620,A0517,2472.702
20180226,FE1807969,A0990,4214.588
20180226,FE1808387,A0493,314.2825
20180226,FE1808310,A0824,25690.7
20180226,FE1805731,A0944,1236.351
20180226,FE1802867,A0696,4214.588
20180226,FE1800876,A1135,6740.8
20180226,FE1808654,A0380,2871.75936
20180226,FE1802748,A0746,517
20180226,FE1809351,A0988,2711.808
20180226,FE1806478,A0796,5412
20180226,FE1802062,A1176,1470.9024
20180227,FE1803919,A0503,1571.4125
20180227,FE1806180,A1056,102.85
20180227,FE1800831,A1360,1461.4776
20180227,FE1805616,A0830,1461.4776
20180227,FE1808960,A0401,205.7
20180227,FE1802681,A0640,3565.056
20180227,FE1802281,A0514,1257.13
20180227,FE1805118,A1360,494.5404
20180227,FE1806534,A0557,514.25
20180227,FE1803586,A1188,628.565
20180227,FE1805400,A0633,514.25
20180227,FE1803862,A0945,4738.4544
20180227,FE1806202,A0861,1461.4776
20180227,FE1809205,A0480,182.6847
20180227,FE1800267,A1419,3316.91808
20180227,FE1803984,A1323,10710.05184
20180227,FE1806359,A0531,4738.4544
20180227,FE1808028,A0665,164.56
20180227,FE1800610,A0387,2472.702
20180227,FE1806750,A0352,16208.85
20180227,FE1806082,A0375,1461.4776
20180227,FE1809056,A0708,1236.351
20180227,FE1807295,A0534,1193.28
20180227,FE1808555,A1390,1909.248
20180228,FE1801931,A1251,3142.825
20180228,FE1801675,A1144,164.56
20180228,FE1809103,A1124,4456.32
20180228,FE1801387,A1261,1236.351
20180228,FE1803846,A1371,2514.26
20180228,FE1805310,A1120,3142.825
20180228,FE1804744,A1254,365.3694
20180228,FE1800804,A1020,365.3694
20180228,FE1807092,A1257,164.56
20180228,FE1802824,A0493,102.85
20180228,FE1807908,A1406,3565.056
20180228,FE1803178,A0953,4200.95808
20180228,FE1806179,A0856,995.4592
20180228,FE1801671,A1357,206.8
20180228,FE1806570,A0744,1470.9024
20180228,FE1800383,A1230,3615.744
20180228,FE1801806,A0982,2475.28512
20180228,FE1801724,A0965,2386.56
20180228,FE1800322,A1163,1268.12
20180228,FE1809123,A0576,1268.12
20180228,FE1805536,A1100,1470.9024
20180301,MA1803917,A0642,3500.7984
20180301,MA1800011,A0880,102.85
20180301,MA1803754,A0989,1244.324
20180301,MA1807045,A1151,7315.392
20180301,MA1803084,A0869,1838.628
20180301,MA1806848,A0690,1193.28
20180301,MA1807796,A0745,1034
20180301,MA1802838,A0559,661.76
20180301,MA1801217,A0977,1113.728
20180301,MA1802654,A1035,4243.34592
20180301,MA1805308,A1110,4786.2656
20180301,MA1808229,A0802,330.88
20180301,MA1806313,A0890,1034
20180301,MA1806460,A0660,20747.488
20180301,MA1804185,A1390,1591.04
20180301,MA1807725,A1120,1591.04
20180301,MA1806385,A1381,4329.6
20180301,MA1807174,A0457,183.8628
20180301,MA1804808,A1407,3170.3
20180301,MA1801969,A0878,103.4
20180301,MA1808062,A0429,919.314
20180301,MA1808471,A0431,2871.75936
20180301,MA1806781,A1232,5743.51872
20180302,MA1802768,A0462,8032.53888
20180302,MA1805299,A0684,6020.84
20180302,MA1808567,A0774,2475.28512
20180302,MA1807883,A0500,2871.75936
20180302,MA1808140,A0774,3170.3
20180302,MA1809247,A0511,919.314
20180302,MA1807980,A0434,4786.2656
20180302,MA1804306,A0819,2386.56
20180302,MA1806330,A0632,1193.28
20180302,MA1800950,A1161,4786.2656
20180302,MA1808546,A1054,3536.1216
20180302,MA1800025,A0660,1113.728
20180302,MA1801022,A1142,1838.628
20180302,MA1807653,A0897,4786.2656
20180302,MA1802307,A0593,4243.34592
20180302,MA1800877,A0660,2475.28512
20180302,MA1800753,A1221,3657.696
20180302,MA1807494,A1203,735.4512
20180302,MA1804343,A1161,1268.12
20180302,MA1800028,A1002,10875.74016
20180302,MA1807242,A0385,4786.2656
20180302,MA1804561,A0673,1591.04
20180305,MA1800427,A0615,1909.248
20180305,MA1806546,A0456,165.44
20180305,MA1804890,A0503,1392.16
20180305,MA1803622,A0690,1838.628
20180305,MA1808872,A0648,2475.28512
20180305,MA1802698,A1318,330.88
20180305,MA1805584,A1211,8279.04
20180305,MA1804027,A1168,1244.324
20180305,MA1808222,A1125,2871.75936
20180305,MA1802225,A0670,3536.1216
20180305,MA1808360,A1420,2711.808
20180305,MA1806072,A1302,1909.248
20180305,MA1805844,A1221,2475.28512
20180305,MA1809218,A0963,1034
20180305,MA1806251,A1367,1113.728
20180305,MA1808328,A1369,2475.28512
20180305,MA1801601,A0799,661.76
20180305,MA1804211,A0480,1988.8
20180305,MA1800015,A1050,1193.28
20180305,MA1808944,A1055,1113.728
20180305,MA1804966,A1285,10348.8
20180305,MA1808233,A0933,1268.12
20180305,MA1807625,A1337,3170.3
20180305,MA1801890,A0963,2475.28512
20180306,MA1801922,A0880,1909.248
20180306,MA1805098,A0670,206.8
20180306,MA1808499,A0534,367.7256
20180306,MA1808879,A1239,517
20180306,MA1806453,A0379,1034
20180306,MA1806796,A0560,1113.728
20180306,MA1804108,A0419,1909.248
20180306,MA1805513,A0800,3657.696
20180306,MA1806617,A1162,1244.324
20180306,MA1807254,A1100,1193.28
20180306,MA1806079,A0578,330.88
20180306,MA1801450,A0380,919.314
20180306,MA1808284,A1065,2475.28512
20180306,MA1808865,A0610,3170.3
20180306,MA1808090,A1305,367.7256
20180306,MA1803091,A0708,20747.488
20180306,MA1801624,A0990,2488.648
20180306,MA1809203,A1345,2871.75936
20180306,MA1800774,A0946,3657.696
20180306,MA1804374,A0578,1193.28
20180306,MA1805286,A1410,15328.368
20180306,MA1801437,A0761,1585.15
20180306,MA1806190,A0959,2871.75936
20180307,MA1807159,A1185,8035.06176
20180307,MA1803664,A1108,1838.628
20180307,MA1803651,A1323,1193.28
20180307,MA1800500,A0497,1392.16
20180307,MA1803902,A0633,1988.8
20180307,MA1809143,A1110,3170.3
20180307,MA1808742,A0725,1392.16
20180307,MA1802009,A0368,1193.28
20180307,MA1804853,A1168,1034
20180307,MA1809222,A0697,661.76
20180307,MA1803059,A1215,661.76
20180307,MA1809239,A0942,1113.728
20180307,MA1808315,A0881,4329.6
20180307,MA1808116,A0686,1470.9024
20180307,MA1806003,A0747,3657.696
20180307,MA1807660,A0742,735.4512
20180307,MA1807433,A1202,1034
20180307,MA1800282,A0795,1838.628
20180307,MA1803179,A0878,3536.1216
20180307,MA1806034,A0547,995.4592
20180307,MA1802460,A0800,995.4592
20180307,MA1800202,A1232,1034
20180307,MA1803441,A0630,5743.51872
20180307,MA1805041,A0576,634.06
20180307,MA1809225,A1064,1585.15
20180307,MA1801278,A0431,1988.8
20180307,MA1807835,A1357,2871.75936
20180307,MA1801880,A1408,919.314
20180307,MA1803364,A1139,8624
20180307,MA1807330,A1285,330.88
20180307,MA1800747,A0421,661.76
20180308,MA1802478,A0443,1591.04
20180308,MA1800892,A1165,3536.1216
20180308,MA1804260,A1215,1470.9024
20180308,MA1807429,A0704,2536.24
20180308,MA1801321,A0930,2386.56
20180308,MA1803960,A0353,1034
20180308,MA1802517,A0461,1585.15
20180308,MA1804618,A1175,634.06
20180308,MA1802325,A0626,2871.75936
20180308,MA1803931,A0409,6096.16
20180308,MA1806485,A0694,1591.04
20180308,MA1807169,A0880,330.88
20180308,MA1802165,A0946,1392.16
20180308,MA1803045,A0603,1244.324
20180308,MA1804486,A0800,1113.728
20180308,MA1806209,A0942,183.8628
20180308,MA1802418,A1388,1470.9024
20180308,MA1800562,A1370,4786.2656
20180308,MA1806085,A0457,1392.16
20180308,MA1806674,A0987,8156.80512
20180308,MA1808809,A0462,8624
20180308,MA1804845,A0445,1113.728
20180308,MA1808043,A0987,4267.312
20180308,MA1805693,A0716,1193.28
20180308,MA1801222,A0830,7315.392
20180308,MA1801163,A1212,330.88
20180308,MA1804604,A1202,1988.8
20180308,MA1807710,A1326,1193.28
20180308,MA1800077,A0918,330.88
20180308,MA1805905,A0964,248.8648
20180308,MA1805541,A1142,1990.9184
20180308,MA1801390,A1129,3657.696
20180309,MA1809229,A1050,1193.28
20180309,MA1802404,A0975,1034
20180309,MA1802136,A1069,1988.8
20180309,MA1805714,A1401,1113.728
20180309,MA1804595,A1291,8279.04
20180309,MA1803597,A0705,4519.68
20180309,MA1800505,A0592,735.4512
20180309,MA1800271,A1135,103.4
20180309,MA1804940,A1412,2475.28512
20180309,MA1808095,A1215,661.76
20180309,MA1807270,A1278,2871.75936
20180309,MA1804759,A0704,2386.56
20180309,MA1802234,A1058,2871.75936
20180309,MA1801280,A1188,634.06
20180309,MA1800517,A0548,2536.24
20180309,MA1807022,A1316,4267.312
20180309,MA1804953,A1343,2475.28512
20180309,MA1806365,A0944,1909.248
20180309,MA1803141,A0707,6096.16
20180309,MA1807544,A1316,6899.2
20180309,MA1809324,A0603,735.4512
20180309,MA1805748,A1416,330.88
20180309,MA1802821,A0557,1585.15
20180309,MA1803307,A1212,4267.312
20180309,MA1807592,A1164,7315.392
20180309,MA1805260,A0828,5743.51872
20180309,MA1805595,A0789,4267.312
20180309,MA1808463,A1159,1392.16
20180309,MA1804448,A0534,735.4512
20180309,MA1800800,A1120,20747.488
20180312,MA1802469,A1260,4267.312
20180312,MA1800139,A0744,1585.15
20180312,MA1805233,A0861,1193.28
20180312,MA1808558,A1176,4519.68
20180312,MA1805690,A0452,1113.728
20180312,MA1804012,A1133,3657.696
20180312,MA1803574,A0837,2475.28512
20180312,MA1800239,A0560,661.76
20180312,MA1805879,A0548,1034
20180312,MA1806293,A0673,1909.248
20180312,MA1806614,A0444,103.4
20180312,MA1805954,A1338,3657.696
20180312,MA1803368,A0464,1988.8
20180312,MA1800882,A0496,2386.56
20180312,MA1805546,A1420,1591.04
20180312,MA1802744,A1214,3657.696
20180312,MA1805433,A0574,330.88
20180312,MA1800471,A1169,634.06
20180312,MA1804098,A0495,1392.16
20180312,MA1800912,A0480,1193.28
20180312,MA1803833,A0438,206.8
20180312,MA1805559,A0703,1470.9024
20180312,MA1806952,A1226,206.8
20180312,MA1804307,A1197,2475.28512
20180312,MA1803894,A1187,1193.28
20180312,MA1806706,A0548,517
20180312,MA1803463,A0574,1392.16
20180312,MA1802211,A0764,1909.248
20180312,MA1802709,A0764,7315.392
20180313,MA1807415,A1385,2475.28512
20180313,MA1804690,A1387,995.4592
20180313,MA1806060,A0835,1988.8
20180313,MA1802608,A0747,517
20180313,MA1802831,A1034,8156.80512
20180313,MA1802066,A0546,4267.312
20180313,MA1807069,A0642,1988.8
20180313,MA1803328,A1108,661.76
20180313,MA1805923,A0682,919.314
20180313,MA1802125,A0878,1193.28
20180313,MA1803249,A0708,330.88
20180313,MA1809148,A0576,6096.16
20180313,MA1806420,A0542,1591.04
20180313,MA1806295,A0382,1034
20180313,MA1801334,A1278,5743.51872
20180313,MA1801463,A0716,735.4512
20180313,MA1809132,A1029,3389.76
20180313,MA1801476,A1357,330.88
20180313,MA1805743,A0890,1392.16
20180313,MA1808443,A0495,1838.628
20180313,MA1806044,A0548,5743.51872
20180313,MA1807197,A0731,5743.51872
20180313,MA1803085,A1215,3615.744
20180313,MA1803508,A1181,2475.28512
20180313,MA1806144,A0512,7315.392
20180313,MA1807323,A0519,1838.628
20180313,MA1802591,A1014,1244.324
20180313,MA1804902,A0519,995.4592
20180313,MA1806612,A0382,1990.9184
20180313,MA1800728,A1169,2871.75936
20180313,MA1807094,A0760,2475.28512
20180313,MA1803631,A0883,1591.04
20180313,MA1806611,A0808,5743.51872
20180313,MA1805476,A1323,4243.34592
20180314,MA1801330,A1088,1988.8
20180314,MA1804297,A1054,1034
20180314,MA1804765,A0493,4519.68
20180314,MA1801335,A1193,919.314
20180314,MA1800191,A0792,735.4512
20180314,MA1804883,A0726,919.314
20180314,MA1803037,A1102,4243.34592
20180314,MA1802276,A0778,2488.648
20180314,MA1809243,A1341,317.03
20180314,MA1801285,A0557,1990.9184
20180314,MA1808151,A1178,2871.75936
20180314,MA1808018,A0816,6899.2
20180314,MA1802147,A1057,995.4592
20180314,MA1802995,A0632,3536.1216
20180314,MA1809131,A1232,1990.9184
20180314,MA1807686,A1035,1470.9024
20180314,MA1805606,A0763,919.314
20180314,MA1805342,A0795,5743.51872
20180314,MA1808020,A0470,3350.38592
20180314,MA1806191,A0414,7315.392
20180314,MA1801340,A0567,1585.15
20180314,MA1809254,A1326,995.4592
20180314,MA1806954,A1229,661.76
20180314,MA1808327,A0965,3536.1216
20180314,MA1804501,A0589,9620.424
20180314,MA1801205,A0670,5743.51872
20180315,MA1800469,A0434,1392.16
20180315,MA1805048,A0819,4329.6
20180315,MA1807230,A0503,2711.808
20180315,MA1803267,A1071,1268.12
20180315,MA1804051,A0765,2536.24
20180315,MA1804833,A1308,517
20180315,MA1803785,A0424,8624
20180315,MA1809327,A0877,1909.248
20180315,MA1801936,A0581,1034
20180315,MA1808021,A0987,9620.424
20180315,MA1804504,A0607,1909.248
20180315,MA1800422,A1282,6899.2
20180315,MA1805596,A0462,10386.432
20180315,MA1806765,A0380,1470.9024
20180315,MA1801400,A1381,1244.324
20180315,MA1800260,A1092,3536.1216
20180315,MA1801042,A0708,367.7256
20180315,MA1803926,A0846,1838.628
20180315,MA1801125,A1020,1193.28
20180315,MA1808735,A1343,330.88
20180315,MA1808772,A1290,735.4512
20180316,MA1806818,A0354,3657.696
20180316,MA1804898,A1079,2711.808
20180316,MA1805514,A0502,1193.28
20180316,MA1805381,A0445,1034
20180316,MA1803346,A1027,735.4512
20180316,MA1808082,A1144,4267.312
20180316,MA1807486,A0592,1268.12
20180316,MA1800024,A1326,1034
20180316,MA1802428,A1047,16577.4
20180316,MA1801039,A0864,1838.628
20180316,MA1808303,A1260,1909.248
20180316,MA1803912,A0412,4519.68
20180316,MA1809220,A0495,735.4512
20180316,MA1802047,A1164,1193.28
20180316,MA1803475,A0884,4786.2656
20180316,MA1804055,A0965,1193.28
20180316,MA1808780,A1076,4243.34592
20180316,MA1803587,A0977,2386.56
20180316,MA1805815,A0816,6026.29632
20180316,MA1801884,A0764,3350.38592
20180316,MA1806062,A0943,1244.324
20180316,MA1801307,A0557,3350.38592
20180316,MA1800916,A1027,330.88
20180316,MA1808764,A0993,2536.24
20180316,MA1806959,A1388,1193.28
20180316,MA1802461,A0907,6096.16
20180316,MA1807241,A0470,1990.9184
20180316,MA1805634,A1384,1988.8
20180316,MA1805112,A1285,1193.28
20180316,MA1801636,A0990,995.4592
20180316,MA1805758,A0673,1591.04
20180316,MA1801140,A1056,1591.04
20180316,MA1808289,A0514,3350.38592
20180316,MA1802525,A1101,330.88
20180319,MA1803924,A0389,1591.04
20180319,MA1805808,A0655,1113.728
20180319,MA1801078,A0502,2871.75936
20180319,MA1808461,A0830,661.76
20180319,MA1801786,A1206,103.4
20180319,MA1807493,A0615,1034
20180319,MA1801660,A0973,2488.648
20180319,MA1808170,A1206,661.76
20180319,MA1802167,A0422,1113.728
20180319,MA1802818,A0574,2871.75936
20180319,MA1803197,A1095,1244.324
20180319,MA1801496,A0574,1034
20180319,MA1806973,A0457,1988.8
20180319,MA1806493,A0495,3350.38592
20180319,MA1801011,A1035,367.7256
20180319,MA1803095,A1169,995.4592
20180319,MA1800533,A0627,82.72
20180319,MA1801138,A1416,517
20180319,MA1801377,A0514,1909.248
20180319,MA1803823,A1079,6096.16
20180319,MA1803352,A0919,3389.76
20180319,MA1801819,A1009,3170.3
20180319,MA1807144,A1095,1909.248
20180319,MA1806488,A0955,995.4592
20180319,MA1805403,A1390,2386.56
20180319,MA1806572,A0547,26406.8
20180319,MA1802924,A0643,517
20180319,MA1800974,A0771,13848.576
20180319,MA1803696,A0515,1990.9184
20180319,MA1804839,A0881,1470.9024
20180319,MA1804841,A1100,1470.9024
20180320,MA1801086,A0607,1268.12
20180320,MA1803797,A0421,1990.9184
20180320,MA1800098,A0565,1034
20180320,MA1800622,A0777,1909.248
20180320,MA1807998,A1147,1244.324
20180320,MA1804263,A1123,1838.628
20180320,MA1808408,A1009,2475.28512
20180320,MA1801091,A0892,4243.34592
20180320,MA1805395,A1163,1034
20180320,MA1801032,A0742,995.4592
20180320,MA1800775,A1323,1591.04
20180320,MA1804805,A0583,103.4
20180320,MA1804463,A1348,2871.75936
20180320,MA1800253,A0473,8624
20180320,MA1808338,A0816,2386.56
20180320,MA1800331,A0414,2475.28512
20180320,MA1802191,A0616,2871.75936
20180320,MA1801142,A0826,919.314
20180320,MA1806410,A1178,1244.324
20180320,MA1803203,A1343,2386.56
20180320,MA1804394,A0743,1193.28
20180320,MA1804187,A1309,1988.8
20180320,MA1807626,A0548,5743.51872
20180321,MA1803222,A0702,3170.3
20180321,MA1801293,A0783,3170.3
20180321,MA1805061,A0550,1244.324
20180321,MA1808072,A1244,1909.248
20180321,MA1809154,A1054,2386.56
20180321,MA1804775,A1313,919.314
20180321,MA1805562,A0497,661.76
20180321,MA1806688,A1397,4243.34592
20180321,MA1803980,A0702,3389.76
20180321,MA1806363,A1152,7315.392
20180321,MA1801150,A1371,2488.648
20180321,MA1804138,A0546,3657.696
20180321,MA1803380,A0879,517
20180321,MA1801369,A0826,330.88
20180321,MA1804858,A1345,1591.04
20180321,MA1806665,A1215,1988.8
20180321,MA1803824,A0670,2871.75936
20180321,MA1803064,A0531,661.76
20180321,MA1801540,A0427,1034
20180321,MA1805343,A0792,330.88
20180321,MA1800066,A0377,2536.24
20180321,MA1805806,A1370,367.7256
20180321,MA1809025,A0754,8624
20180321,MA1808411,A0530,1113.728
20180321,MA1803530,A0931,1909.248
20180321,MA1808292,A1142,1193.28
20180321,MA1801787,A1120,1268.12
20180321,MA1802317,A0853,1990.9184
20180321,MA1803851,A0795,3615.744
20180321,MA1804443,A0754,1591.04
20180321,MA1802415,A1216,735.4512
20180321,MA1805117,A1232,330.88
20180321,MA1806018,A1312,2386.56
20180321,MA1800903,A1055,3350.38592
20180321,MA1809299,A0574,1838.628
20180321,MA1804246,A0781,919.314
20180322,MA1806998,A1291,2871.75936
20180322,MA1801983,A1230,1193.28
20180322,MA1802661,A0426,1268.12
20180322,MA1802857,A1402,1585.15
20180322,MA1801744,A0856,1838.628
20180322,MA1805547,A0910,1585.15
20180322,MA1804567,A0790,3389.76
20180322,MA1803694,A1256,317.03
20180322,MA1804100,A0967,2536.24
20180322,MA1801664,A1046,1909.248
20180322,MA1809031,A0709,3657.696
20180322,MA1805318,A1343,4267.312
20180322,MA1806152,A0880,7315.392
20180322,MA1809381,A1068,2536.24
20180322,MA1800182,A0982,1392.16
20180322,MA1809178,A0444,1838.628
20180322,MA1805539,A1167,661.76
20180322,MA1806841,A0824,1392.16
20180322,MA1803815,A0773,26406.8
20180322,MA1801246,A0522,1838.628
20180322,MA1801882,A0992,367.7256
20180322,MA1805920,A0480,1591.04
20180322,MA1801189,A0738,919.314
20180322,MA1801777,A0927,1392.16
20180322,MA1806730,A1153,248.8648
20180322,MA1804347,A0530,330.88
20180322,MA1807918,A0464,330.88
20180322,MA1807706,A0357,26406.8
20180322,MA1803164,A1072,3536.1216
20180322,MA1800917,A0576,3657.696
20180322,MA1803098,A0763,4786.2656
20180323,MA1800072,A1193,1470.9024
20180323,MA1809095,A0763,3350.38592
20180323,MA1806253,A1353,6899.2
20180323,MA1807652,A1183,1470.9024
20180323,MA1804664,A0478,1470.9024
20180323,MA1808164,A0569,1244.324
20180323,MA1802046,A0626,1838.628
20180323,MA1805932,A0516,3615.744
20180323,MA1804149,A0986,1591.04
20180323,MA1806354,A0737,2475.28512
20180323,MA1801348,A0419,735.4512
20180323,MA1808914,A0993,165.44
20180323,MA1803604,A0800,5743.51872
20180323,MA1803734,A0438,735.4512
20180323,MA1801600,A1142,2475.28512
20180323,MA1808473,A0673,1591.04
20180323,MA1805662,A0610,8624
20180323,MA1804700,A0916,82.72
20180323,MA1801145,A1357,4519.68
20180323,MA1804176,A1413,248.8648
20180323,MA1809375,A1095,517
20180323,MA1804895,A0607,3350.38592
20180323,MA1802962,A0445,1193.28
20180323,MA1803254,A1068,1909.248
20180323,MA1800923,A0471,1909.248
20180323,MA1802605,A1132,330.88
20180323,MA1802789,A0686,317.03
20180323,MA1805454,A0942,2386.56
20180326,MA1804685,A0934,3350.38592
20180326,MA1800523,A1408,3350.38592
20180326,MA1801815,A0972,4243.34592
20180326,MA1805322,A0630,1990.9184
20180326,MA1807353,A1031,4243.34592
20180326,MA1808591,A0991,661.76
20180326,MA1803999,A0519,1470.9024
20180326,MA1806940,A1068,1244.324
20180326,MA1801790,A0884,3350.38592
20180326,MA1801265,A0463,2488.648
20180326,MA1801503,A1319,1838.628
20180326,MA1806628,A0884,1244.324
20180326,MA1808880,A0513,1244.324
20180326,MA1807465,A0480,5743.51872
20180326,MA1800516,A0657,330.88
20180326,MA1806605,A0934,1988.8
20180326,MA1804602,A0583,1392.16
20180326,MA1807048,A0852,2871.75936
20180326,MA1808078,A0963,5743.51872
20180326,MA1808267,A1135,3657.696
20180326,MA1808667,A0403,735.4512
20180326,MA1801571,A1146,1193.28
20180326,MA1809236,A0945,1591.04
20180326,MA1806581,A0877,1591.04
20180326,MA1807576,A0350,4329.6
20180326,MA1800951,A1306,1470.9024
20180326,MA1805144,A0949,206.8
20180327,MA1809284,A1113,1034
20180327,MA1809040,A1217,1909.248
20180327,MA1802412,A0565,26406.8
20180327,MA1802114,A0380,1113.728
20180327,MA1805949,A0781,1591.04
20180327,MA1806659,A1137,15328.368
20180327,MA1804835,A0724,24896.9856
20180327,MA1803031,A1236,919.314
20180327,MA1804444,A0353,4243.34592
20180327,MA1808206,A0864,661.76
20180327,MA1800511,A0487,2711.808
20180327,MA1803605,A0424,6899.2
20180327,MA1805963,A0481,3350.38592
20180327,MA1804000,A0404,2711.808
20180327,MA1802944,A0843,919.314
20180327,MA1802827,A1127,183.8628
20180327,MA1807396,A0694,5743.51872
20180327,MA1800807,A1371,995.4592
20180327,MA1802005,A0761,1585.15
20180327,MA1800004,A1323,367.7256
20180327,MA1805953,A0744,919.314
20180327,MA1804830,A0846,3657.696
20180327,MA1807672,A0399,2386.56
20180327,MA1806669,A1252,1113.728
20180327,MA1804319,A0445,2475.28512
20180327,MA1808276,A0701,1838.628
20180327,MA1805153,A1058,497.7296
20180327,MA1803554,A0720,1113.728
20180328,MA1808192,A0732,6026.29632
20180328,MA1804203,A1214,919.314
20180328,MA1805884,A1240,1591.04
20180328,MA1801698,A0994,995.4592
20180328,MA1808554,A1225,2536.24
20180328,MA1805737,A1142,1193.28
20180328,MA1805648,A1335,517
20180328,MA1802911,A1118,15328.368
20180328,MA1804308,A0356,2871.75936
20180328,MA1802640,A0871,5412
20180328,MA1808108,A0790,517
20180328,MA1803568,A1073,2536.24
20180328,MA1808974,A1014,2386.56
20180328,MA1803124,A0821,6026.29632
20180328,MA1808215,A1101,6026.29632
20180328,MA1800849,A1346,1113.728
20180328,MA1801404,A0952,735.4512
20180328,MA1803139,A0945,2386.56
20180328,MA1801339,A0513,4243.34592
20180328,MA1808453,A1305,4267.312
20180328,MA1801788,A1305,13021.584
20180328,MA1805687,A0824,2475.28512
20180328,MA1801971,A1367,1591.04
20180328,MA1805429,A0781,2475.28512
20180328,MA1805037,A0495,919.314
20180328,MA1808492,A0743,2386.56
20180328,MA1804092,A0387,1193.28
20180328,MA1801911,A0955,4243.34592
20180328,MA1805789,A1357,1988.8
20180328,MA1808886,A1313,4329.6
20180328,MA1807428,A0429,4267.312
20180328,MA1806790,A0826,103.4
20180328,MA1800985,A1282,1113.728
20180328,MA1800647,A0681,10348.8
20180328,MA1803635,A0670,2475.28512
20180329,MA1808640,A0450,4243.34592
20180329,MA1800586,A1272,919.314
20180329,MA1802668,A1029,2871.75936
20180329,MA1809246,A0582,1268.12
20180329,MA1808765,A0630,82.72
20180329,MA1800962,A0367,20747.488
20180329,MA1802423,A0990,1193.28
20180329,MA1801817,A1188,517
20180329,MA1802261,A0377,1591.04
20180329,MA1808807,A0842,995.4592
20180329,MA1805028,A0574,3657.696
20180329,MA1803764,A0927,634.06
20180329,MA1802883,A1130,10386.432
20180329,MA1805713,A1225,13848.576
20180329,MA1802662,A1085,1591.04
20180330,MA1807841,A1182,661.76
20180330,MA1807158,A0801,1470.9024
20180330,MA1806634,A0414,1909.248
20180330,MA1805384,A0574,330.88
20180330,MA1800198,A0725,24896.9856
20180330,MA1803673,A0964,1591.04
20180330,MA1803274,A0671,2475.28512
20180330,MA1808550,A1258,735.4512
20180330,MA1801728,A0695,3389.76
20180330,MA1806352,A1030,2711.808
20180330,MA1801622,A1387,1034
20180330,MA1806304,A1387,1591.04
20180330,MA1803421,A1332,330.88
20180330,MA1805887,A0632,82.72
20180330,MA1808251,A0830,1990.9184
20180330,MA1809348,A0403,1392.16
20180330,MA1800419,A0808,1838.628
20180330,MA1805708,A1249,2488.648
20180330,MA1804266,A1150,4329.6
20180330,MA1803669,A0567,517
20180330,MA1802033,A1057,6026.29632
20180402,AP1801782,A0792,2428.8
20180402,AP1804243,A0350,252.054
20180402,AP1807152,A1384,4488
20180402,AP1801333,A0688,3225.25
20180402,AP1805509,A0890,27839
20180402,AP1806331,A1130,8279.8848
20180402,AP1802724,A0470,9020
20180402,AP1800287,A0458,1260.27
20180402,AP1804137,A1311,4328.1216
20180402,AP1801599,A1410,5858.2656
20180402,AP1806210,A1054,1260.27
20180403,AP1800058,A1188,1260.27
20180403,AP1805270,A1257,2787.84
20180403,AP1803276,A1047,2787.84
20180403,AP1809137,A0453,4328.1216
20180403,AP1802434,A0565,7496.16
20180403,AP1806280,A0821,1612.625
20180403,AP1804818,A0542,5858.2656
20180403,AP1808565,A1221,10755.36
20180403,AP1807837,A0495,4328.1216
20180403,AP1800366,A1167,3225.25
20180404,AP1806261,A0893,2580.2
20180404,AP1803672,A1316,13531.32
20180404,AP1807066,A0982,6246.8
20180404,AP1801885,A0461,2520.54
20180404,AP1804645,A0679,10755.36
20180404,AP1800303,A1367,2520.54
20180404,AP1801378,A0415,1290.1
20180404,AP1806521,A0881,9020
20180404,AP1801611,A1290,2520.54
20180404,AP1808657,A0673,372.438
20180404,AP1806272,A1181,104.5
20180404,AP1800262,A0761,6246.8
20180404,AP1806675,A0684,3225.25
20180404,AP1802746,A1292,186.219
20180404,AP1802812,A0487,167.2
20180405,AP1803525,A1236,2520.54
20180405,AP1800312,A1114,3717.12
20180405,AP1803035,A0972,5610
20180405,AP1804623,A0830,167.2
20180405,AP1806784,A0696,6246.8
20180405,AP1802013,A1027,4646.4
20180405,AP1802108,A1050,33406.8
20180406,AP1805031,A0743,10824
20180406,AP1804292,A1212,3225.25
20180406,AP1800134,A1248,6246.8
20180406,AP1800672,A1150,2428.8
20180406,AP1808980,A0932,372.438
20180406,AP1800754,A0942,4881.888
20180406,AP1801574,A0428,21756.24
20180406,AP1803266,A0785,3225.25
20180406,AP1800014,A1058,4488
20180406,AP1804386,A0720,4881.888
20180406,AP1807966,A1153,3484.8
20180409,AP1802650,A1242,4646.4
20180409,AP1802290,A0781,209
20180409,AP1807982,A1029,1290.1
20180409,AP1804220,A0949,3417.3216
20180409,AP1808898,A0990,4488
20180409,AP1803620,A0557,1290.1
20180409,AP1802759,A0799,5858.2656
20180409,AP1807989,A0961,1290.1
20180409,AP1807129,A0943,16073.64
20180409,AP1801731,A0982,372.438
20180410,AP1800957,A0834,1260.27
20180410,AP1808243,A0843,17314.5
20180410,AP1807899,A0739,5858.2656
20180410,AP1803009,A1003,13531.32
20180410,AP1801383,A1388,21756.24
20180410,AP1801454,A1116,5858.2656
20180410,AP1800589,A0845,8279.8848
20180410,AP1808719,A0696,7496.16
20180410,AP1800378,A1169,8659.2
20180410,AP1802491,A1216,1260.27
20180410,AP1802176,A0457,645.05
20180410,AP1807866,A0627,1260.27
20180410,AP1800382,A0473,4488
20180410,AP1806950,A0415,1612.625
20180411,AP1803205,A0586,1290.1
20180411,AP1800907,A1226,3417.3216
20180411,AP1807639,A1153,209
20180411,AP1807622,A0835,2787.84
20180411,AP1801697,A0800,2520.54
20180411,AP1804530,A1270,504.108
20180411,AP1801180,A1169,4488
20180411,AP1807744,A1144,2428.8
20180411,AP1801769,A1369,17314.5
20180411,AP1808308,A0994,372.438
20180411,AP1809104,A1314,2787.84
20180412,AP1808068,A0724,4328.1216
20180412,AP1804474,A1034,504.108
20180412,AP1801938,A0395,10755.36
20180412,AP1805625,A0693,2787.84
20180412,AP1801650,A0990,167.2
20180412,AP1805394,A1299,19288.368
20180412,AP1804141,A0432,10755.36
20180412,AP1801059,A0429,5858.2656
20180412,AP1807258,A1187,4328.1216
20180412,AP1802550,A0587,2428.8
20180413,AP1800835,A0905,104.5
20180413,AP1800719,A0473,5610
20180413,AP1803882,A0504,209
20180413,AP1804933,A1255,9997.02
20180413,AP1802714,A1197,7216
20180413,AP1804611,A0427,6246.8
20180413,AP1800169,A1007,4328.1216
20180413,AP1806646,A1271,1290.1
20180413,AP1802168,A0997,2580.2
20180416,AP1805775,A0629,1290.1
20180416,AP1808693,A1288,6246.8
20180416,AP1808161,A1390,3417.3216
20180416,AP1804157,A0716,7216
20180416,AP1808938,A0743,7216
20180416,AP1806877,A0438,7216
20180416,AP1802652,A1415,252.054
20180416,AP1800556,A1319,1260.27
20180416,AP1809167,A0463,4372.76
20180416,AP1805610,A1130,5610
20180416,AP1801733,A0978,1260.27
20180416,AP1802530,A1415,1260.27
20180417,AP1807632,A0350,2520.54
20180417,AP1800617,A0773,645.05
20180417,AP1809187,A1168,4328.1216
20180417,AP1808672,A1401,3225.25
20180417,AP1802757,A1381,4488
20180417,AP1802771,A0800,4372.76
20180417,AP1806486,A1003,4372.76
20180417,AP1802351,A1290,1260.27
20180417,AP1801001,A0763,16073.64
20180417,AP1801952,A0946,2580.2
20180417,AP1802277,A0350,3417.3216
20180417,AP1806849,A0808,6246.8
20180418,AP1807349,A0576,8659.2
20180418,AP1803427,A0881,7496.16
20180418,AP1800847,A0833,1290.1
20180418,AP1805292,A0504,3225.25
20180418,AP1803769,A0493,5610
20180418,AP1808370,A0853,1260.27
20180418,AP1805567,A1285,6246.8
20180418,AP1808594,A1343,4881.888
20180418,AP1801178,A0747,83.6
20180418,AP1808092,A0893,1612.625
20180418,AP1803977,A1240,186.219
20180418,AP1803106,A0907,3417.3216
20180419,AP1803708,A1338,645.05
20180419,AP1807907,A0467,8279.8848
20180419,AP1806651,A1038,2580.2
20180419,AP1803413,A1164,5610
20180419,AP1800723,A1221,2428.8
20180419,AP1806087,A1232,21756.24
20180419,AP1805120,A1282,167.2
20180419,AP1809359,A0382,3484.8
20180419,AP1803108,A1123,4372.76
20180419,AP1802169,A0929,167.2
20180419,AP1803433,A1076,5610
20180419,AP1803457,A0607,1612.625
20180419,AP1805273,A1230,5858.2656
20180420,AP1805962,A0408,7496.16
20180420,AP1806333,A1036,1290.1
20180420,AP1805637,A1358,1260.27
20180420,AP1801818,A0774,5858.2656
20180420,AP1807161,A0834,3225.25
20180420,AP1805361,A1407,372.438
20180420,AP1804741,A0377,9020
20180420,AP1807483,A0352,10824
20180420,AP1805274,A1002,209
20180420,AP1809199,A0632,1290.1
20180420,AP1804568,A0987,7216
20180420,AP1806149,A1413,2520.54
20180420,AP1807160,A0531,8405.3376
20180423,AP1807826,A1188,9997.02
20180423,AP1803338,A0643,1290.1
20180423,AP1808832,A1208,3717.12
20180423,AP1806903,A0930,3717.12
20180423,AP1808066,A0372,1290.1
20180423,AP1800222,A1108,3417.3216
20180423,AP1804186,A1227,7216
20180423,AP1801858,A0762,3717.12
20180423,AP1808470,A1334,3417.3216
20180423,AP1806047,A0502,1612.625
20180423,AP1804619,A1142,1290.1
20180423,AP1807776,A0670,1290.1
20180423,AP1807591,A1212,2520.54
20180423,AP1803818,A1331,16073.64
20180423,AP1800535,A1014,167.2
20180423,AP1808125,A0953,7216
20180423,AP1809357,A1277,7216
20180423,AP1801994,A0583,186.219
20180423,AP1800663,A0845,4488
20180423,AP1807397,A1334,6246.8
20180423,AP1808313,A0415,16073.64
20180423,AP1809176,A1146,4372.76
20180423,AP1806057,A0922,1612.625
20180423,AP1805810,A0747,2428.8
20180423,AP1804732,A1332,1290.1
20180424,AP1806594,A0641,21756.24
20180424,AP1808823,A0806,167.2
20180424,AP1808044,A0435,2520.54
20180424,AP1802262,A0890,4372.76
20180424,AP1800872,A0846,9997.02
20180424,AP1808592,A0583,2428.8
20180424,AP1804515,A0429,2428.8
20180424,AP1808185,A0399,1612.625
20180424,AP1804262,A0942,1290.1
20180424,AP1806188,A0945,252.054
20180424,AP1803811,A1225,1260.27
20180424,AP1807704,A1110,3225.25
20180424,AP1806036,A0459,14340.48
20180424,AP1805826,A0457,1612.625
20180424,AP1800832,A1387,8659.2
20180424,AP1808410,A1212,3417.3216
20180424,AP1805619,A1027,4328.1216
20180424,AP1801475,A1346,3225.25
20180425,AP1801057,A0461,3417.3216
20180425,AP1800356,A1236,4328.1216
20180425,AP1803358,A1090,4328.1216
20180425,AP1805486,A1078,7216
20180425,AP1804694,A1210,5610
20180425,AP1800678,A0789,7216
20180425,AP1805089,A0859,1612.625
20180425,AP1801908,A1195,1290.1
20180425,AP1801090,A0796,1260.27
20180425,AP1803682,A0824,1612.625
20180425,AP1804726,A1270,11207.1168
20180425,AP1801789,A0695,167.2
20180425,AP1806577,A1089,1260.27
20180425,AP1806290,A1290,4328.1216
20180425,AP1804400,A1367,7496.16
20180425,AP1800501,A0901,2787.84
20180425,AP1807540,A1264,167.2
20180426,AP1806424,A1264,209
20180426,AP1805613,A1269,2520.54
20180426,AP1805406,A1091,2428.8
20180426,AP1802208,A0351,13531.32
20180426,AP1807515,A0566,2580.2
20180426,AP1805850,A1232,3417.3216
20180426,AP1804269,A1323,4488
20180426,AP1800310,A0944,2787.84
20180426,AP1804148,A0965,5858.2656
20180426,AP1805710,A0742,14340.48
20180426,AP1806666,A0399,1260.27
20180426,AP1803170,A1204,9997.02
20180427,AP1808112,A1015,4328.1216
20180427,AP1805586,A1349,1612.625
20180427,AP1808462,A1100,2787.84
20180427,AP1802181,A1068,1612.625
20180430,AP1804216,A0422,83.6
20180430,AP1808096,A1164,6246.8
20180430,AP1800873,A0554,8279.8848
20180430,AP1809160,A1001,2580.2
20180430,AP1806198,A0550,372.438
20180430,AP1806620,A0819,4646.4
20180430,AP1808348,A0411,1260.27
20180430,AP1800468,A1058,4328.1216
20180430,AP1806939,A1415,104.5
20180430,AP1805125,A0907,3417.3216
20180430,AP1800042,A1353,5858.2656
20180501,MA1800927,A0642,5858.2656
20180501,MA1803256,A0713,2787.84
20180501,MA1806284,A0845,104.5
20180501,MA1803618,A0945,3417.3216
20180501,MA1806692,A0907,9997.02
20180501,MA1809248,A0815,504.108
20180501,MA1801239,A1101,186.219
20180501,MA1801863,A1056,4328.1216
20180501,MA1800918,A1169,2428.8
20180501,MA1803777,A0819,4646.4
20180501,MA1806714,A1193,2428.8
20180502,MA1800159,A0827,7216
20180502,MA1805007,A0769,7496.16
20180502,MA1803101,A1217,11207.1168
20180502,MA1801427,A0951,2428.8
20180502,MA1805326,A1002,3225.25
20180502,MA1807992,A1274,4328.1216
20180502,MA1800552,A1221,2428.8
20180502,MA1808283,A1329,7216
20180502,MA1801972,A1062,16073.64
20180503,MA1804377,A0375,1260.27
20180503,MA1804458,A0456,2520.54
20180503,MA1802190,A0842,2520.54
20180503,MA1804332,A0897,2580.2
20180503,MA1805333,A0945,1612.625
20180503,MA1801800,A1410,4881.888
20180503,MA1802363,A0504,9020
20180503,MA1800645,A0944,2787.84
20180504,MA1805298,A0995,3417.3216
20180504,MA1808971,A1353,2520.54
20180504,MA1803515,A0796,2520.54
20180504,MA1804840,A1385,322.525
20180504,MA1805327,A0427,8279.8848
20180504,MA1806055,A0403,372.438
20180504,MA1805709,A1265,1260.27
20180504,MA1803528,A0576,2428.8
20180507,MA1806946,A0757,2520.54
20180507,MA1804016,A0776,209
20180507,MA1804615,A1300,3417.3216
20180507,MA1805722,A0871,7216
20180507,MA1809012,A0409,5610
20180507,MA1806046,A0601,4646.4
20180507,MA1802407,A0470,4488
20180507,MA1808828,A1292,1290.1
20180507,MA1801493,A0574,2520.54
20180507,MA1807881,A0835,1290.1
20180507,MA1805845,A0678,3417.3216
20180508,MA1805988,A1228,6209.9136
20180508,MA1802259,A1278,2580.2
20180508,MA1801425,A0993,2520.54
20180508,MA1800062,A1133,6246.8
20180508,MA1801079,A1009,504.108
20180508,MA1804160,A0892,7496.16
20180508,MA1800706,A1159,2520.54
20180508,MA1808916,A0655,1260.27
20180508,MA1801850,A1221,3417.3216
20180509,MA1803355,A0607,1290.1
20180509,MA1801223,A0800,2580.2
20180509,MA1801826,A0582,16073.64
20180509,MA1801344,A1361,2580.2
20180509,MA1803893,A0561,4372.76
20180509,MA1800280,A0541,4488
20180509,MA1802799,A0500,7496.16
20180509,MA1801326,A1346,3417.3216
20180509,MA1808016,A0681,2428.8
20180509,MA1806278,A1130,21756.24
20180509,MA1804329,A0547,17314.5
20180509,MA1807060,A0853,3225.25
20180509,MA1803359,A1290,7496.16
20180510,MA1802006,A1242,2428.8
20180510,MA1801253,A0453,10824
20180510,MA1802037,A1046,2580.2
20180510,MA1807133,A1308,504.108
20180510,MA1802772,A1004,4372.76
20180510,MA1800063,A1072,16073.64
20180510,MA1800863,A0905,167.2
20180510,MA1805133,A1161,5610
20180510,MA1807862,A0377,2787.84
20180510,MA1808775,A0993,4488
20180510,MA1804607,A1333,2428.8
20180510,MA1800408,A1062,8405.3376
20180510,MA1800568,A1403,13531.32
20180510,MA1802680,A1349,3417.3216
20180510,MA1802630,A1062,2428.8
20180511,MA1802706,A0452,11207.1168
20180511,MA1806176,A0933,14340.48
20180511,MA1809121,A0970,504.108
20180511,MA1802999,A1147,1260.27
20180511,MA1808087,A0466,104.5
20180511,MA1806271,A1210,3717.12
20180511,MA1809190,A0435,2428.8
20180511,MA1808896,A1014,252.054
20180511,MA1805035,A0531,83.6
20180511,MA1808384,A0799,3484.8
20180511,MA1805519,A0927,27839
20180511,MA1804382,A0869,3417.3216
20180511,MA1802586,A0945,4488
20180511,MA1809245,A0576,252.054
20180514,MA1803781,A1191,2520.54
20180514,MA1804778,A0877,1612.625
20180514,MA1805269,A0891,2580.2
20180514,MA1806890,A0952,6246.8
20180514,MA1800473,A0963,5858.2656
20180514,MA1808744,A1240,4328.1216
20180514,MA1800721,A0835,4646.4
20180514,MA1807675,A0350,83.6
20180514,MA1801605,A0507,4328.1216
20180514,MA1805819,A0802,7496.16
20180514,MA1808824,A0559,2580.2
20180514,MA1802352,A0377,4881.888
20180514,MA1807491,A1254,5858.2656
20180514,MA1805670,A1009,2428.8
20180515,MA1806350,A1329,3225.25
20180515,MA1805103,A0773,1260.27
20180515,MA1801896,A1338,4488
20180515,MA1806399,A1101,209
20180515,MA1800401,A0943,3225.25
20180515,MA1808378,A0852,2428.8
20180515,MA1806529,A0684,4328.1216
20180515,MA1809313,A1284,21756.24
20180515,MA1806229,A1300,2520.54
20180516,MA1802765,A1135,2428.8
20180516,MA1807030,A0745,372.438
20180516,MA1808433,A1152,8659.2
20180516,MA1806435,A0424,3417.3216
20180516,MA1801159,A1132,2428.8
20180516,MA1805131,A0703,8405.3376
20180516,MA1808406,A0945,26107.488
20180516,MA1805424,A1232,5858.2656
20180516,MA1802243,A1230,3225.25
20180516,MA1806928,A0808,9997.02
20180516,MA1804599,A1257,645.05
20180517,MA1800946,A1292,7216
20180517,MA1800046,A1149,2580.2
20180517,MA1805935,A0516,209
20180517,MA1805413,A1172,1260.27
20180517,MA1803448,A0962,2580.2
20180517,MA1800248,A1146,9997.02
20180517,MA1803968,A1146,167.2
20180517,MA1804117,A1064,7496.16
20180517,MA1801160,A0412,3717.12
20180517,MA1809201,A1334,1260.27
20180517,MA1806642,A0412,3225.25
20180517,MA1801120,A0724,83.6
20180517,MA1803774,A1057,4372.76
20180517,MA1806582,A0801,167.2
20180517,MA1803323,A1370,21756.24
20180517,MA1805417,A0963,167.2
20180517,MA1805234,A0891,209
20180517,MA1804590,A0811,6246.8
20180517,MA1806792,A0781,7216
20180517,MA1807579,A1265,4372.76
20180518,MA1805526,A0754,252.054
20180518,MA1804990,A0438,10824
20180518,MA1807589,A0561,186.219
20180518,MA1803184,A0666,7216
20180518,MA1807062,A0442,2428.8
20180518,MA1805453,A0850,83.6
20180518,MA1801093,A1319,3417.3216
20180518,MA1807141,A0879,5610
20180518,MA1805528,A0961,6209.9136
20180518,MA1800386,A0557,4646.4
20180518,MA1807302,A0945,2580.2
20180518,MA1800137,A1101,645.05
20180518,MA1800103,A0819,3717.12
20180518,MA1802512,A1387,19288.368
20180518,MA1806837,A1412,16073.64
20180518,MA1805872,A1388,33406.8
20180518,MA1805026,A0399,2428.8
20180521,MA1804708,A1203,1290.1
20180521,MA1808219,A1185,4372.76
20180521,MA1800571,A0654,2787.84
20180521,MA1809097,A0648,3225.25
20180521,MA1802390,A1337,19288.368
20180521,MA1801976,A0738,3225.25
20180521,MA1800520,A0686,1612.625
20180521,MA1807802,A0893,1290.1
20180521,MA1802249,A1353,9020
20180521,MA1809207,A0731,504.108
20180521,MA1808440,A0846,372.438
20180521,MA1801148,A0906,2520.54
20180522,MA1807526,A0372,27839
20180522,MA1801394,A1308,6246.8
20180522,MA1806708,A0716,1260.27
20180522,MA1802496,A0464,7496.16
20180522,MA1809077,A0514,4372.76
20180522,MA1807438,A0462,27839
20180522,MA1804388,A0990,4488
20180522,MA1800314,A0853,4328.1216
20180522,MA1805160,A0845,6246.8
20180522,MA1802376,A0933,2428.8
20180523,MA1800529,A0777,252.054
20180523,MA1800798,A0934,11207.1168
20180523,MA1805552,A0823,6209.9136
20180523,MA1806915,A1004,4372.76
20180523,MA1801247,A1171,504.108
20180523,MA1805119,A1419,16073.64
20180523,MA1805111,A1302,7496.16
20180523,MA1805115,A0821,372.438
20180523,MA1801902,A1197,5858.2656
20180523,MA1801562,A1337,372.438
20180523,MA1801336,A1359,10755.36
20180523,MA1807277,A0369,3225.25
20180524,MA1800426,A0548,1612.625
20180524,MA1806815,A0530,1612.625
20180524,MA1801521,A0497,167.2
20180524,MA1802552,A0629,4372.76
20180524,MA1800577,A0987,4328.1216
20180524,MA1802621,A0997,1290.1
20180524,MA1806866,A1359,372.438
20180524,MA1802703,A0519,104.5
20180525,MA1802781,A0774,2428.8
20180525,MA1809078,A0721,7496.16
20180525,MA1806825,A1388,1290.1
20180525,MA1806074,A1020,209
20180525,MA1807697,A0665,83.6
20180525,MA1807643,A0927,6209.9136
20180525,MA1801795,A1147,3717.12
20180525,MA1804522,A0643,2428.8
20180525,MA1806538,A0399,8405.3376
20180525,MA1803233,A1056,8405.3376
20180528,MA1802455,A0382,9020
20180528,MA1802539,A0559,3225.25
20180528,MA1802402,A1348,645.05
20180528,MA1803166,A1411,504.108
20180528,MA1806031,A0446,167.2
20180528,MA1807348,A0618,2428.8
20180528,MA1804964,A1130,2787.84
20180528,MA1807289,A1415,504.108
20180528,MA1801135,A0892,4881.888
20180528,MA1807508,A1316,167.2
20180528,MA1803202,A1029,2520.54
20180528,MA1806068,A0930,6209.9136
20180528,MA1808962,A0452,6246.8
20180528,MA1801598,A0916,5610
20180528,MA1807965,A1390,3225.25
20180528,MA1803284,A0660,167.2
20180529,MA1802442,A1217,6209.9136
20180529,MA1803915,A0845,2520.54
20180529,MA1804952,A1029,209
20180529,MA1808866,A1316,2787.84
20180529,MA1801228,A1101,4328.1216
20180529,MA1802052,A0799,7216
20180529,MA1805419,A0375,8659.2
20180529,MA1805396,A1116,27839
20180529,MA1802511,A1167,5858.2656
20180529,MA1803466,A0922,2520.54
20180529,MA1805640,A0789,167.2
20180529,MA1808324,A0947,1290.1
20180529,MA1808362,A0632,3484.8
20180530,MA1802007,A1413,2787.84
20180530,MA1806269,A0471,1290.1
20180530,MA1808736,A1386,2520.54
20180530,MA1807308,A1241,3417.3216
20180530,MA1807506,A0997,2428.8
20180530,MA1801435,A0773,6246.8
20180530,MA1801165,A0534,1612.625
20180530,MA1802763,A1343,645.05
20180530,MA1809162,A0559,4372.76
20180530,MA1805129,A1261,2787.84
20180530,MA1805014,A0989,3717.12
20180530,MA1803362,A1403,645.05
20180530,MA1801609,A1236,3225.25
20180531,MA1801111,A0545,1290.1
20180531,MA1802493,A0657,2580.2
20180531,MA1805002,A0738,322.525
20180531,MA1808469,A1062,5610
20180531,MA1803291,A0704,1612.625
20180531,MA1808668,A0502,3484.8
20180531,MA1800748,A0916,3417.3216
20180531,MA1802839,A0708,3484.8
20180531,MA1802979,A1260,8405.3376
20180531,MA1801316,A0350,7496.16
20180531,MA1803794,A1413,3417.3216
20180531,MA1805971,A1236,504.108
20180531,MA1801102,A0927,14340.48
20180531,MA1807107,A0611,4646.4
20180531,MA1807788,A0531,3717.12
20180601,JU1803755,A0947,1612.625
20180601,JU1805105,A0399,2520.54
20180601,JU1804550,A0731,7496.16
20180601,JU1806160,A0530,7496.16
20180601,JU1804913,A0444,21756.24
20180601,JU1809114,A0796,2520.54
20180601,JU1807688,A0992,645.05
20180601,JU1800805,A1333,2428.8
20180601,JU1806826,A0610,2520.54
20180601,JU1807624,A0826,2428.8
20180601,JU1808278,A0890,6209.9136
20180604,JU1805534,A1313,5858.2656
20180604,JU1802133,A1290,4328.1216
20180604,JU1800328,A0830,2428.8
20180604,JU1801156,A0464,5858.2656
20180604,JU1802459,A0754,4372.76
20180604,JU1806335,A0529,10755.36
20180604,JU1805155,A0808,3225.25
20180604,JU1805392,A0930,3417.3216
20180604,JU1804758,A0582,3717.12
20180604,JU1804800,A1257,2428.8
20180604,JU1800812,A1058,21756.24
20180604,JU1806032,A0990,1260.27
20180605,JU1803522,A1095,3717.12
20180605,JU1807689,A0724,5858.2656
20180605,JU1803212,A1202,7216
20180605,JU1803060,A0679,4881.888
20180605,JU1807446,A0542,3484.8
20180605,JU1806625,A1406,1260.27
20180606,JU1803500,A1090,4372.76
20180606,JU1805372,A0913,2428.8
20180606,JU1803456,A0534,2520.54
20180606,JU1800934,A0707,1612.625
20180606,JU1802701,A1240,167.2
20180606,JU1809346,A1316,5858.2656
20180606,JU1800241,A0853,8279.8848
20180606,JU1804228,A1056,6246.8
20180606,JU1805601,A1204,3717.12
20180606,JU1804256,A0826,2428.8
20180606,JU1802210,A0796,2428.8
20180607,JU1801758,A0987,1290.1
20180607,JU1805916,A1286,5858.2656
20180607,JU1800718,A1085,2787.84
20180607,JU1800021,A0935,1260.27
20180607,JU1807168,A0859,372.438
20180607,JU1805484,A1265,1612.625
20180607,JU1808448,A0515,372.438
20180607,JU1802951,A1225,4328.1216
20180607,JU1806523,A0720,4328.1216
20180607,JU1808342,A0701,4488
20180607,JU1800392,A0583,6246.8
20180607,JU1803061,A0408,4328.1216
20180607,JU1803275,A1085,1290.1
20180607,JU1806762,A1225,7496.16
20180607,JU1806401,A0428,2428.8
20180608,JU1801549,A1367,7216
20180608,JU1805436,A0845,9020
20180608,JU1805159,A1255,27839
20180608,JU1802346,A0798,3225.25
20180608,JU1804296,A0421,3225.25
20180608,JU1805950,A1316,13531.32
20180608,JU1802836,A0934,1290.1
20180608,JU1801225,A1110,167.2
20180608,JU1808986,A0616,3225.25
20180608,JU1800017,A0907,7216
20180611,JU1804499,A0929,3417.3216
20180611,JU1801716,A1366,1290.1
20180611,JU1802927,A0753,3225.25
20180611,JU1808643,A1203,7496.16
20180611,JU1805181,A0893,4881.888
20180611,JU1803571,A0802,645.05
20180611,JU1803372,A1332,5858.2656
20180611,JU1802503,A1176,372.438
20180612,JU1808603,A1092,4881.888
20180612,JU1806257,A0764,2787.84
20180612,JU1802945,A1282,1260.27
20180612,JU1803896,A0742,21756.24
20180612,JU1804063,A0949,3484.8
20180612,JU1805012,A0982,21756.24
20180612,JU1809060,A0703,4881.888
20180612,JU1803954,A1208,4646.4
20180612,JU1805585,A1375,372.438
20180613,JU1803909,A1232,11207.1168
20180613,JU1803189,A1219,645.05
20180613,JU1803519,A0654,9020
20180613,JU1807634,A0548,3417.3216
20180613,JU1802487,A0897,10755.36
20180613,JU1805163,A1343,4372.76
20180613,JU1804540,A0916,2787.84
20180613,JU1804147,A1002,9020
20180613,JU1805445,A1237,4881.888
20180613,JU1809310,A1056,3417.3216
20180613,JU1804992,A1181,4372.76
20180614,JU1801987,A1274,9020
20180614,JU1803535,A1027,17314.5
20180614,JU1808193,A0539,4881.888
20180614,JU1801495,A1336,6246.8
20180614,JU1801009,A1071,645.05
20180614,JU1808423,A0774,4328.1216
20180614,JU1800758,A1159,8279.8848
20180614,JU1803001,A1290,2520.54
20180614,JU1802825,A0629,1612.625
20180614,JU1803314,A0720,27839
20180614,JU1802623,A1214,2787.84
20180614,JU1807806,A1257,7216
20180614,JU1802263,A0472,167.2
20180614,JU1801392,A0943,83.6
20180615,JU1805196,A0730,19288.368
20180615,JU1801374,A0494,16073.64
20180615,JU1802991,A0357,2580.2
20180615,JU1808796,A0944,252.054
20180615,JU1800293,A0547,83.6
20180615,JU1801368,A1271,4328.1216
20180615,JU1805618,A0350,1260.27
20180615,JU1802298,A0464,4881.888
20180615,JU1805894,A0493,2520.54
20180615,JU1801542,A0582,2520.54
20180615,JU1805944,A0505,104.5
20180615,JU1806531,A1260,10755.36
20180615,JU1807157,A1130,1260.27
20180615,JU1802034,A0548,3417.3216
20180615,JU1805497,A1167,2580.2
20180615,JU1801722,A1092,2520.54
20180615,JU1802041,A1332,1612.625
20180615,JU1807854,A0626,5858.2656
20180618,JU1804059,A0934,27839
20180618,JU1806743,A0819,9020
20180618,JU1807817,A1073,6246.8
20180618,JU1806411,A1378,16073.64
20180618,JU1803006,A0379,4881.888
20180618,JU1804455,A1308,3417.3216
20180618,JU1802142,A1059,13531.32
20180618,JU1802994,A1134,6246.8
20180618,JU1805680,A1064,2428.8
20180618,JU1805210,A1282,167.2
20180618,JU1804418,A1095,3225.25
20180618,JU1803736,A1416,2428.8
20180618,JU1809191,A0695,4488
20180619,JU1800388,A1191,3717.12
20180619,JU1808608,A1056,167.2
20180619,JU1805011,A1387,209
20180619,JU1803724,A0901,4646.4
20180619,JU1802770,A0880,3225.25
20180619,JU1803330,A0610,27839
20180619,JU1802171,A0701,3484.8
20180619,JU1803471,A0531,5858.2656
20180619,JU1801597,A0742,8279.8848
20180619,JU1803996,A0693,26107.488
20180619,JU1803583,A1212,2428.8
20180619,JU1808749,A1227,5858.2656
20180619,JU1806372,A1228,1290.1
20180620,JU1803742,A1319,8279.8848
20180620,JU1807948,A1323,21756.24
20180620,JU1806729,A0937,167.2
20180620,JU1803430,A0542,10824
20180620,JU1808343,A0704,7496.16
20180621,JU1803176,A0867,5610
20180621,JU1805207,A0771,4328.1216
20180621,JU1804151,A0862,33406.8
20180621,JU1802297,A1212,3225.25
20180621,JU1802688,A1164,3717.12
20180621,JU1808700,A1360,14340.48
20180621,JU1801501,A1285,7216
20180621,JU1803717,A0836,252.054
20180621,JU1808661,A1142,6209.9136
20180621,JU1802266,A1171,4328.1216
20180621,JU1802966,A0928,3225.25
20180621,JU1807614,A0472,4372.76
20180621,JU1805532,A0528,4328.1216
20180622,JU1801679,A0517,16073.64
20180622,JU1801322,A1401,1612.625
20180622,JU1805660,A0923,4372.76
20180622,JU1809374,A0561,3225.25
20180622,JU1804781,A0640,4328.1216
20180622,JU1802687,A0454,2580.2
20180622,JU1808418,A0878,4328.1216
20180622,JU1801008,A0464,3417.3216
20180622,JU1802378,A0785,186.219
20180622,JU1803404,A1137,322.525
20180622,JU1806390,A0799,4328.1216
20180622,JU1807962,A1120,167.2
20180622,JU1801192,A1089,5858.2656
20180622,JU1806912,A0428,2428.8
20180625,JU1807887,A0942,4881.888
20180625,JU1800634,A1286,2520.54
20180625,JU1802462,A1374,9997.02
20180625,JU1803562,A0418,167.2
20180625,JU1803245,A1047,14340.48
20180625,JU1803582,A0900,17314.5
20180625,JU1804620,A0869,6209.9136
20180625,JU1801583,A0745,9997.02
20180625,JU1807915,A0949,322.525
20180625,JU1804903,A1265,167.2
20180625,JU1800808,A1092,372.438
20180625,JU1800968,A0350,7496.16
20180626,JU1805663,A1335,16073.64
20180626,JU1804076,A0930,372.438
20180626,JU1808451,A1153,1260.27
20180626,JU1808984,A0582,645.05
20180626,JU1806993,A0705,13531.32
20180626,JU1806479,A1137,1290.1
20180626,JU1805236,A0463,372.438
20180626,JU1806322,A0846,7496.16
20180626,JU1801520,A0826,4881.888
20180626,JU1808999,A0988,504.108
20180626,JU1808924,A0673,186.219
20180626,JU1800235,A0493,2787.84
20180626,JU1805635,A0660,16073.64
20180626,JU1808587,A0633,4328.1216
20180626,JU1802978,A0635,83.6
20180626,JU1805598,A0799,7216
20180626,JU1807840,A0869,4372.76
20180626,JU1808977,A0436,104.5
20180627,JU1807120,A0350,322.525
20180627,JU1801556,A0566,5858.2656
20180627,JU1802562,A1060,2580.2
20180627,JU1800035,A0988,4372.76
20180627,JU1806804,A0952,2428.8
20180627,JU1802583,A0890,2520.54
20180627,JU1800054,A1188,167.2
20180627,JU1809050,A0802,6209.9136
20180627,JU1805275,A0693,2428.8
20180628,JU1803834,A0811,4488
20180628,JU1800779,A1029,2520.54
20180628,JU1808964,A0843,2520.54
20180628,JU1803312,A1346,3417.3216
20180628,JU1804520,A0519,6246.8
20180628,JU1802239,A1077,5858.2656
20180628,JU1801541,A0503,5610
20180628,JU1801559,A0414,6246.8
20180628,JU1806586,A1176,5858.2656
20180628,JU1801999,A1348,33406.8
20180628,JU1802230,A0629,2580.2
20180629,JU1803350,A0861,3225.25
20180629,JU1801230,A0429,9020
20180629,JU1807250,A0482,4488
20180629,JU1805107,A0940,4646.4
20180629,JU1804710,A0961,83.6
20180629,JU1800146,A0764,17314.5
20180629,JU1804198,A0427,3225.25
20180629,JU1806414,A1412,3484.8
20180629,JU1807008,A0808,8279.8848
20180629,JU1806240,A1130,21756.24
20180629,JU1800068,A0830,3417.3216
20180629,JU1805909,A0954,167.2
20180629,JU1807709,A0795,322.525
20180629,JU1805814,A1292,3484.8
20180702,JU1800438,A0878,1480.3272
20180702,JU1800022,A1255,2500.01136
20180702,JU1803075,A0696,13276.452
20180702,JU1803536,A1129,8822
20180702,JU1801759,A1345,1203.84
20180702,JU1800741,A0406,1480.3272
20180702,JU1803538,A0741,831.6
20180702,JU1807942,A1244,1850.409
20180702,JU1809297,A0418,332.64
20180702,JU1800845,A1334,1123.584
20180702,JU1801991,A0375,3437.28
20180702,JU1804472,A1337,1039.5
20180702,JU1804638,A0785,3702.888
20180702,JU1806853,A1349,1039.5
20180702,JU1804917,A0796,1203.84
20180702,JU1804370,A0897,1039.5
20180702,JU1808392,A0463,8281.07136
20180702,JU1805165,A0798,1123.584
20180702,JU1801128,A0412,1605.12
20180702,JU1804714,A0701,4834.0768
20180702,JU1804215,A0955,740.1636
20180702,JU1804200,A0937,415.8
20180702,JU1807076,A0559,250.4594
20180702,JU1805263,A0643,10570.896
20180702,JU1805208,A0530,831.6
20180702,JU1803003,A0988,3571.4448
20180702,JU1807424,A1265,1404.48
20180702,JU1802343,A1215,21251.864
20180702,JU1802873,A1133,2749.824
20180702,JU1800143,A1076,3702.888
20180702,JU1807128,A1076,415.8
20180702,JU1802902,A1410,1404.48
20180702,JU1804573,A0953,370.0818
20180702,JU1800069,A0943,415.8
20180702,JU1803065,A0975,1203.84
20180702,JU1804684,A0710,3571.4448
20180702,JU1800809,A0949,1279.11
20180702,JU1800669,A0754,925.2045
20180702,JU1804911,A0452,1605.12
20180702,JU1806181,A1240,963.072
20180703,JU1800900,A0850,6171.48
20180703,JU1808174,A1057,332.64
20180703,JU1806522,A0586,1203.84
20180703,JU1802814,A1063,1404.48
20180703,JU1803340,A0867,2407.68
20180703,JU1801037,A1211,2500.01136
20180703,JU1805351,A0891,519.75
20180703,JU1805661,A0865,1252.297
20180703,JU1807585,A0694,2142.86688
20180703,JU1808854,A0727,6171.48
20180703,JU1800575,A0994,1252.297
20180703,JU1801194,A1133,2500.01136
20180703,JU1804293,A0512,332.64
20180703,JU1808969,A0749,1404.48
20180703,JU1801729,A0992,2900.44608
20180703,JU1801569,A0992,2500.01136
20180703,JU1804843,A1230,332.64
20180703,JU1804295,A0582,4834.0768
20180703,JU1805897,A0515,4583.04
20180703,JU1807001,A1390,1203.84
20180703,JU1800140,A0385,1252.297
20180703,JU1801319,A0438,83.16
20180703,JU1806575,A1181,1279.11
20180703,JU1802576,A1360,166.32
20180703,JU1808460,A1116,500.9188
20180703,JU1801730,A1257,665.28
20180703,JU1803049,A0737,831.6
20180703,JU1804247,A0867,7057.6
20180703,JU1803961,A0998,500.9188
20180703,JU1806742,A1063,207.9
20180703,JU1804736,A1197,2003.6752
20180703,JU1807705,A0764,963.072
20180703,JU1807216,A1236,1480.3272
20180704,JU1807797,A1287,831.6
20180704,JU1800493,A1125,1926.144
20180704,JU1801242,A0561,4408.8
20180704,JU1800324,A0578,103.95
20180704,JU1807474,A1067,3383.85376
20180704,JU1805730,A0815,3383.85376
20180704,JU1801524,A0493,1850.409
20180704,JU1804535,A0679,665.28
20180704,JU1803710,A1237,2407.68
20180704,JU1800059,A1319,8157.47328
20180704,JU1803324,A0697,1480.3272
20180704,JU1808144,A1104,3702.888
20180704,JU1802692,A0718,1605.12
20180704,JU1804060,A0641,831.6
20180704,JU1800544,A0429,1203.84
20180704,JU1804338,A1255,2504.594
20180704,JU1808428,A1002,4320.036
20180704,JU1805267,A0952,1605.12
20180704,JU1805329,A1282,3437.28
20180704,JU1803898,A1316,2500.01136
20180704,JU1806371,A0744,9808.722
20180704,JU1801641,A0760,415.8
20180704,JU1803235,A1050,2900.44608
20180704,JU1800643,A1313,415.8
20180704,JU1804625,A0878,2142.86688
20180704,JU1801123,A1345,963.072
20180704,JU1806104,A0916,1850.409
20180704,JU1801767,A0931,925.2045
20180704,JU1805571,A0819,83.16
20180704,JU1800894,A0988,963.072
20180704,JU1807714,A1307,332.64
20180704,JU1806723,A1163,16945.95
20180704,JU1807654,A0542,4285.73376
20180704,JU1805027,A1100,3197.775
20180704,JU1801424,A0915,665.28
20180704,JU1801765,A1360,4285.73376
20180704,JU1802282,A0993,83.16
20180704,JU1806936,A1290,6171.48
20180704,JU1800819,A0763,415.8
20180704,JU1805951,A1068,3702.888
20180705,JU1802322,A0550,2900.44608
20180705,JU1806503,A0853,2003.6752
20180705,JU1808940,A0937,665.28
20180705,JU1804235,A0713,2006.4
20180705,JU1802113,A1203,332.64
20180705,JU1807162,A0678,1252.297
20180705,JU1809331,A1288,332.64
20180705,JU1800234,A1293,2006.4
20180705,JU1804481,A0975,2003.6752
20180705,JU1806798,A1369,11041.42848
20180705,JU1809330,A1120,4408.8
20180705,JU1801468,A0427,332.64
20180705,JU1804788,A0977,5511
20180705,JU1806447,A0762,1598.8875
20180705,JU1801522,A1062,1039.5
20180705,JU1805455,A0830,3702.888
20180705,JU1807215,A0905,639.555
20180705,JU1806961,A0933,500.9188
20180705,JU1808925,A1120,332.64
20180705,JU1807683,A1337,1404.48
20180705,JU1803018,A0462,1203.84
20180705,JU1804774,A0673,1203.84
20180705,JU1806120,A0557,3383.85376
20180705,JU1801363,A0961,319.7775
20180705,JU1800173,A1282,1203.84
20180705,JU1804961,A1274,4320.036
20180705,JU1803363,A1162,415.8
20180705,JU1807753,A0355,10586.4
20180705,JU1801935,A1289,3571.4448
20180705,JU1801219,A0648,963.072
20180705,JU1808331,A1292,370.0818
20180705,JU1806011,A1270,415.8
20180705,JU1803524,A0922,831.6
20180705,JU1806492,A1403,3702.888
20180705,JU1806517,A1164,2407.68
20180706,JU1800652,A0497,1123.584
20180706,JU1805074,A0952,1203.84
20180706,JU1802967,A0693,519.75
20180706,JU1806502,A1357,21251.864
20180706,JU1801565,A0725,1850.409
20180706,JU1809161,A0929,1001.8376
20180706,JU1808421,A0694,4834.0768
20180706,JU1805072,A1366,665.28
20180706,JU1803023,A0500,740.1636
20180706,JU1802683,A0683,2142.86688
20180706,JU1807382,A1169,2003.6752
20180706,JU1805767,A0480,1039.5
20180706,JU1805736,A0816,4320.036
20180706,JU1800323,A1137,1203.84
20180706,JU1802458,A1027,2900.44608
20180706,JU1808680,A1226,332.64
20180706,JU1804750,A1338,166.32
20180706,JU1809355,A0414,3383.85376
20180706,JU1805802,A1299,5800.89216
20180706,JU1800367,A0953,4834.0768
20180706,JU1800102,A0836,831.6
20180706,JU1807695,A0879,740.1636
20180706,JU1807882,A0578,332.64
20180706,JU1804277,A1161,1279.11
20180706,JU1804862,A1173,166.32
20180706,JU1802937,A0399,332.64
20180706,JU1808647,A0350,1001.8376
20180706,JU1804324,A1181,1123.584
20180706,JU1801358,A1137,2900.44608
20180706,JU1801105,A1204,1039.5
20180706,JU1805551,A0955,7057.6
20180706,JU1804429,A0890,831.6
20180706,JU1801179,A0930,1926.144
20180709,JU1809317,A1370,3702.888
20180709,JU1808210,A0792,4285.73376
20180709,JU1802413,A1204,2504.594
20180709,JU1801929,A1410,1203.84
20180709,JU1803294,A0688,2003.6752
20180709,JU1802080,A1098,2900.44608
20180709,JU1807910,A1318,1926.144
20180709,JU1800467,A0351,415.8
20180709,JU1807605,A0640,963.072
20180709,JU1803877,A0647,332.64
20180709,JU1807014,A0511,250.4594
20180709,JU1803263,A0993,5800.89216
20180709,JU1800327,A0641,1001.8376
20180709,JU1802499,A1381,1404.48
20180709,JU1804061,A0815,2003.6752
20180709,JU1808337,A0462,4834.0768
20180709,JU1803121,A0893,831.6
20180709,JU1805051,A0816,3571.4448
20180709,JU1807609,A0641,2142.86688
20180709,JU1805517,A0414,1926.144
20180709,JU1807061,A0853,415.8
20180709,JU1807507,A1323,332.64
20180709,JU1801775,A0643,1123.584
20180709,JU1800607,A0826,925.2045
20180709,JU1807420,A0350,5800.89216
20180709,JU1802241,A0907,3702.888
20180709,JU1800628,A0703,83.16
20180709,JU1809234,A1360,370.0818
20180709,JU1800147,A1332,332.64
20180709,JU1805498,A0824,415.8
20180709,JU1807032,A0517,740.1636
20180709,JU1805092,A0517,963.072
20180709,JU1809353,A1254,11041.42848
20180709,JU1808750,A1305,1605.12
20180709,JU1808721,A0695,3702.888
20180709,JU1805243,A1416,1279.11
20180710,JU1808522,A1190,740.1636
20180710,JU1806623,A0422,740.1636
20180710,JU1805317,A0536,13276.452
20180710,JU1807394,A0935,415.8
20180710,JU1808178,A0550,2006.4
20180710,JU1805938,A0494,332.64
20180710,JU1801690,A1072,7057.6
20180710,JU1800088,A0803,415.8
20180710,JU1803484,A1258,83.16
20180710,JU1805757,A1345,8822
20180710,JU1801980,A1215,1123.584
20180710,JU1809188,A0887,8157.47328
20180710,JU1803309,A0815,831.6
20180710,JU1807839,A0972,4834.0768
20180710,JU1801643,A0952,319.7775
20180710,JU1808595,A0743,166.32
20180710,JU1809147,A1161,1598.8875
20180710,JU1803875,A0811,2142.86688
20180710,JU1800326,A1153,3383.85376
20180710,JU1807827,A1029,1203.84
20180710,JU1801732,A1306,4834.0768
20180710,JU1809068,A0587,3197.775
20180710,JU1802422,A0815,1001.8376
20180710,JU1802710,A1271,963.072
20180710,JU1809130,A0738,415.8
20180710,JU1802467,A0937,3437.28
20180710,JU1802173,A1257,2500.01136
20180710,JU1804285,A0749,415.8
20180710,JU1808295,A0792,6118.10496
20180710,JU1805383,A0427,2142.86688
20180710,JU1809112,A0371,1480.3272
20180710,JU1807656,A0472,1404.48
20180710,JU1805182,A1307,740.1636
20180710,JU1805781,A1159,831.6
20180711,JU1803723,A0566,925.2045
20180711,JU1808005,A0610,831.6
20180711,JU1804373,A0411,3571.4448
20180711,JU1804932,A0745,1252.297
20180711,JU1805167,A0587,519.75
20180711,JU1805871,A0438,1926.144
20180711,JU1805132,A0731,2749.824
20180711,JU1800866,A0373,740.1636
20180711,JU1801029,A0822,1404.48
20180711,JU1806224,A0740,4285.73376
20180711,JU1806020,A0877,963.072
20180711,JU1804366,A1375,2006.4
20180711,JU1802670,A0929,1123.584
20180711,JU1801345,A0571,415.8
20180711,JU1801778,A0654,4320.036
20180711,JU1805955,A1208,2407.68
20180711,JU1805415,A1225,1039.5
20180711,JU1800911,A0927,2006.4
20180711,JU1807731,A0630,831.6
20180711,JU1803726,A1050,2900.44608
20180711,JU1801658,A0426,1926.144
20180711,JU1809280,A1302,963.072
20180711,JU1804143,A0738,11041.42848
20180711,JU1806554,A1035,1404.48
20180711,JU1807780,A1204,415.8
20180711,JU1805683,A0438,1123.584
20180711,JU1805420,A0578,5511
20180711,JU1805880,A1337,15701.004
20180711,JU1801373,A1216,14094.528
20180711,JU1800730,A1285,1850.409
20180711,JU1804675,A1208,1123.584
20180711,JU1803054,A1036,831.6
20180711,JU1808156,A1413,1480.3272
20180711,JU1804869,A1085,1926.144
20180711,JU1806727,A0738,185.0409
20180711,JU1802861,A0906,665.28
20180711,JU1808738,A1334,415.8
20180711,JU1803494,A0601,963.072
20180711,JU1809122,A1409,1926.144
20180711,JU1804171,A0428,1926.144
20180711,JU1803305,A0990,1203.84
20180711,JU1803010,A0525,18841.2048
20180711,JU1803881,A0566,1598.8875
20180711,JU1805294,A0534,83.16
20180711,JU1803477,A1176,415.8
20180711,JU1800839,A0821,2003.6752
20180711,JU1801019,A1030,207.9
20180712,JU1800279,A1214,3702.888
20180712,JU1800776,A0892,2900.44608
20180712,JU1800393,A1139,2500.01136
20180712,JU1805226,A0929,2749.824
20180712,JU1806490,A0923,1123.584
20180712,JU1801854,A1093,1279.11
20180712,JU1800550,A0433,2900.44608
20180712,JU1807227,A0694,2142.86688
20180712,JU1802465,A1115,1252.297
20180712,JU1804889,A0641,10570.896
20180712,JU1805740,A0703,2006.4
20180712,JU1801324,A0408,1480.3272
20180712,JU1807919,A1137,963.072
20180712,JU1804376,A0704,415.8
20180712,JU1805018,A0720,831.6
20180712,JU1808304,A1415,6118.10496
20180712,JU1800430,A1237,166.32
20180712,JU1807112,A0931,831.6
20180712,JU1808528,A0906,665.28
20180712,JU1805157,A0497,21251.864
20180712,JU1808660,A0701,415.8
20180712,JU1806119,A1076,1404.48
20180712,JU1807870,A1172,4834.0768
20180712,JU1807416,A1131,4834.0768
20180712,JU1807615,A0458,2900.44608
20180712,JU1808572,A0589,415.8
20180712,JU1808730,A0862,332.64
20180712,JU1806319,A1290,665.28
20180713,JU1804446,A0937,5800.89216
20180713,JU1808653,A1188,4285.73376
20180713,JU1807536,A0808,1926.144
20180713,JU1803859,A0578,2006.4
20180713,JU1802328,A1065,665.28
20180713,JU1801984,A0945,1279.11
20180713,JU1804416,A1403,2900.44608
20180713,JU1806355,A0625,740.1636
20180713,JU1803287,A1098,415.8
20180713,JU1808709,A0390,103.95
20180713,JU1805211,A0992,3571.4448
20180713,JU1809311,A1062,4285.73376
20180713,JU1800478,A0992,2500.01136
20180713,JU1806259,A0428,925.2045
20180713,JU1800306,A0978,1039.5
20180713,JU1808159,A1221,4834.0768
20180713,JU1808234,A0616,415.8
20180713,JU1801862,A1162,1001.8376
20180713,JU1804030,A0993,1605.12
20180713,JU1801208,A0742,925.2045
20180713,JU1801762,A0427,1001.8376
20180713,JU1805568,A1212,2504.594
20180713,JU1802977,A0977,2500.01136
20180713,JU1804824,A1095,103.95
20180713,JU1807828,A0701,3666.432
20180713,JU1806112,A0792,3383.85376
20180713,JU1805480,A0616,185.0409
20180713,JU1804314,A0852,963.072
20180713,JU1803573,A0781,3571.4448
20180713,JU1803849,A0893,925.2045
20180713,JU1808931,A0879,1203.84
20180713,JU1806440,A1064,2003.6752
20180713,JU1809215,A0529,925.2045
20180713,JU1807253,A0534,1123.584
20180713,JU1809165,A0472,185.0409
20180716,JU1808835,A1202,4320.036
20180716,JU1809075,A0749,1203.84
20180716,JU1802717,A0587,2142.86688
20180716,JU1801551,A1282,1279.11
20180716,JU1800579,A1403,4834.0768
20180716,JU1807185,A0767,519.75
20180716,JU1803442,A0500,2006.4
20180716,JU1804121,A0356,1252.297
20180716,JU1805913,A0886,1404.48
20180716,JU1802403,A0565,1850.409
20180716,JU1805685,A0987,1605.12
20180716,JU1807499,A0930,1252.297
20180716,JU1804928,A0502,519.75
20180716,JU1806300,A1187,2900.44608
20180716,JU1804439,A0949,5800.89216
20180716,JU1800497,A0496,925.2045
20180716,JU1801250,A1370,332.64
20180716,JU1804564,A1390,3437.28
20180716,JU1807575,A1116,519.75
20180716,JU1802474,A0927,925.2045
20180716,JU1808578,A1360,963.072
20180716,JU1802720,A0659,415.8
20180716,JU1805057,A1390,4408.8
20180716,JU1800212,A1406,1926.144
20180716,JU1807205,A1254,1480.3272
20180716,JU1804984,A1290,1850.409
20180716,JU1803692,A0830,963.072
20180716,JU1803716,A0673,1404.48
20180716,JU1804856,A0846,1605.12
20180716,JU1808616,A0629,3383.85376
20180716,JU1801132,A1129,4834.0768
20180716,JU1801572,A1178,2500.01136
20180716,JU1805533,A1410,5800.89216
20180716,JU1808363,A0824,2900.44608
20180717,JU1800236,A1407,1123.584
20180717,JU1800587,A1172,3571.4448
20180717,JU1808599,A1230,11041.42848
20180717,JU1806393,A1092,1850.409
20180717,JU1806208,A1297,1203.84
20180717,JU1809365,A0757,1404.48
20180717,JU1802939,A1300,166.32
20180717,JU1800060,A0989,963.072
20180717,JU1807079,A1138,4834.0768
20180717,JU1802642,A0765,11041.42848
20180717,JU1800053,A0827,925.2045
20180717,JU1805765,A1209,15701.004
20180717,JU1802425,A1243,831.6
20180717,JU1804381,A0408,2500.01136
20180717,JU1807278,A0953,831.6
20180717,JU1804110,A0673,1605.12
20180717,JU1805135,A0792,185.0409
20180717,JU1806471,A0459,332.64
20180717,JU1803606,A1307,1480.3272
20180717,JU1805101,A0411,332.64
20180717,JU1808512,A1110,3197.775
20180717,JU1800313,A1271,963.072
20180717,JU1806972,A1337,2142.86688
20180717,JU1806127,A0380,2900.44608
20180717,JU1809041,A0412,415.8
20180717,JU1805992,A1204,3437.28
20180717,JU1808104,A1214,10570.896
20180717,JU1804345,A0762,1926.144
20180717,JU1800274,A0630,3383.85376
20180717,JU1804624,A0587,1926.144
20180717,JU1802889,A1110,1123.584
20180717,JU1807261,A1302,1605.12
20180717,JU1807520,A0853,1123.584
20180717,JU1808314,A1176,1850.409
20180717,JU1807075,A0583,2504.594
20180717,JU1804253,A1406,1123.584
20180717,JU1806374,A1132,639.555
20180717,JU1806870,A1047,2142.86688
20180717,JU1809013,A0695,1605.12
20180718,JU1801494,A0949,963.072
20180718,JU1802385,A0744,831.6
20180718,JU1801177,A1178,415.8
20180718,JU1809226,A0738,831.6
20180718,JU1803886,A0943,831.6
20180718,JU1806477,A1362,1598.8875
20180718,JU1807209,A0824,3702.888
20180718,JU1804413,A1088,963.072
20180718,JU1806914,A1031,8469.12
20180718,JU1806896,A0774,2500.01136
20180718,JU1800093,A1201,519.75
20180718,JU1806194,A0706,831.6
20180718,JU1807628,A0720,1850.409
20180718,JU1801129,A1153,831.6
20180718,JU1807903,A1419,831.6
20180718,JU1801443,A0627,10586.4
20180718,JU1805225,A0377,332.64
20180718,JU1800939,A0963,1926.144
20180718,JU1807671,A1129,519.75
20180718,JU1804348,A0627,332.64
20180718,JU1804431,A0514,1480.3272
20180718,JU1809019,A0529,2407.68
20180718,JU1803425,A0380,1480.3272
20180718,JU1803384,A0422,1123.584
20180718,JU1803289,A0744,6171.48
20180718,JU1806788,A0529,3571.4448
20180718,JU1809281,A0963,1039.5
20180718,JU1808869,A1290,2006.4
20180719,JU1807419,A1159,8822
20180719,JU1803930,A0382,4834.0768
20180719,JU1806656,A0452,1039.5
20180719,JU1807765,A0368,2142.86688
20180719,JU1806195,A1244,370.0818
20180719,JU1807547,A1038,1279.11
20180719,JU1804095,A0951,740.1636
20180719,JU1804706,A0586,831.6
20180719,JU1805665,A1106,250.4594
20180719,JU1803483,A0934,7405.776
20180719,JU1805824,A0375,415.8
20180719,JU1802131,A0781,415.8
20180719,JU1801045,A0945,3197.775
20180719,JU1807401,A0945,2900.44608
20180719,JU1807789,A1153,1279.11
20180719,JU1807774,A1216,1203.84
20180719,JU1806887,A1387,831.6
20180719,JU1808899,A1095,2900.44608
20180719,JU1800570,A1257,8469.12
20180719,JU1807975,A0547,500.9188
20180719,JU1806635,A0380,2142.86688
20180719,JU1802934,A0878,1039.5
20180719,JU1805614,A0529,665.28
20180719,JU1802845,A1367,1001.8376
20180719,JU1800012,A0387,1850.409
20180719,JU1809333,A1092,1252.297
20180719,JU1805231,A1255,3571.4448
20180719,JU1808863,A0830,2142.86688
20180719,JU1801837,A1095,1001.8376
20180719,JU1807409,A1193,332.64
20180719,JU1807095,A1311,4320.036
20180719,JU1806367,A0506,519.75
20180720,JU1802738,A1118,166.32
20180720,JU1801362,A1320,332.64
20180720,JU1802410,A0627,4834.0768
20180720,JU1807408,A1188,2003.6752
20180720,JU1806978,A0955,415.8
20180720,JU1804313,A1137,519.75
20180720,JU1808893,A0850,332.64
20180720,JU1805773,A1136,166.32
20180720,JU1800757,A1017,519.75
20180720,JU1809011,A0688,2900.44608
20180720,JU1803282,A1227,519.75
20180720,JU1804120,A0467,963.072
20180720,JU1807265,A0761,6118.10496
20180720,JU1803642,A0943,2003.6752
20180720,JU1805378,A0835,740.1636
20180720,JU1807981,A1137,185.0409
20180720,JU1807121,A1164,1605.12
20180720,JU1803733,A0842,925.2045
20180720,JU1800870,A0496,1605.12
20180720,JU1804809,A1163,6171.48
20180720,JU1800783,A0519,2900.44608
20180720,JU1803795,A1390,1404.48
20180720,JU1808973,A1153,925.2045
20180720,JU1800160,A0529,21251.864
20180720,JU1803735,A0632,1850.409
20180720,JU1807455,A0773,332.64
20180720,JU1805993,A0534,1279.11
20180720,JU1803509,A1202,2900.44608
20180720,JU1801386,A1277,83.16
20180720,JU1802495,A0916,2749.824
20180720,JU1800626,A0542,11041.42848
20180720,JU1800444,A0811,4583.04
20180720,JU1807754,A0802,519.75
20180720,JU1804423,A0528,740.1636
20180720,JU1802018,A0690,3571.4448
20180723,JU1804831,A0611,1039.5
20180723,JU1804981,A0839,3702.888
20180723,JU1806228,A0629,1926.144
20180723,JU1809139,A0453,415.8
20180723,JU1803567,A1264,8822
20180723,JU1805822,A0841,1926.144
20180723,JU1804015,A1072,4408.8
20180723,JU1808515,A1407,1001.8376
20180723,JU1804005,A0970,925.2045
20180723,JU1801213,A1092,1480.3272
20180723,JU1800346,A0815,1279.11
20180723,JU1809027,A0630,1605.12
20180723,JU1804978,A0704,963.072
20180723,JU1800174,A1329,250.4594
20180723,JU1808344,A0724,6171.48
20180723,JU1807658,A0458,207.9
20180723,JU1808323,A0505,8822
20180723,JU1805612,A0574,519.75
20180723,JU1805017,A0352,1850.409
20180723,JU1807951,A0458,639.555
20180723,JU1803019,A1014,831.6
20180723,JU1804438,A0512,207.9
20180723,JU1804017,A1054,415.8
20180723,JU1803745,A1100,963.072
20180723,JU1806935,A0385,1039.5
20180723,JU1800027,A1139,2407.68
20180723,JU1800738,A0704,332.64
20180723,JU1805242,A1300,166.32
20180723,JU1802527,A1387,2142.86688
20180723,JU1802719,A1116,1926.144
20180723,JU1800470,A0731,27122.9
20180724,JU1808577,A0498,8822
20180724,JU1804286,A0371,2407.68
20180724,JU1804067,A0964,2500.01136
20180724,JU1804029,A1335,4285.73376
20180724,JU1804327,A1136,3383.85376
20180724,JU1800857,A0605,5800.89216
20180724,JU1801978,A1251,1203.84
20180724,JU1804848,A1326,370.0818
20180724,JU1800794,A1229,1605.12
20180724,JU1803944,A0904,500.9188
20180724,JU1801050,A1249,2142.86688
20180724,JU1806163,A0789,1039.5
20180724,JU1803152,A1018,8281.07136
20180724,JU1802017,A0546,1605.12
20180724,JU1804877,A0943,963.072
20180724,JU1808049,A1163,1001.8376
20180724,JU1803181,A0529,2504.594
20180724,JU1805457,A0869,415.8
20180724,JU1800142,A0529,6118.10496
20180724,JU1805176,A0673,1252.297
20180724,JU1802884,A1120,4583.04
20180724,JU1800051,A0934,3571.4448
20180724,JU1806417,A0955,4285.73376
20180724,JU1805346,A1240,2006.4
20180724,JU1806275,A0690,1605.12
20180724,JU1808598,A1089,1605.12
20180724,JU1802899,A0887,2558.22
20180724,JU1804441,A0593,963.072
20180724,JU1805983,A1236,2006.4
20180724,JU1802858,A1009,639.555
20180724,JU1800242,A0383,1605.12
20180724,JU1801436,A0725,3702.888
20180724,JU1808150,A0881,2407.68
20180724,JU1804834,A0903,6118.10496
20180725,JU1800402,A1382,8157.47328
20180725,JU1806231,A1228,831.6
20180725,JU1802519,A0893,3197.775
20180725,JU1805186,A0930,831.6
20180725,JU1803114,A1056,2142.86688
20180725,JU1806318,A0928,1605.12
20180725,JU1807743,A0753,925.2045
20180725,JU1806693,A0389,1001.8376
20180725,JU1804464,A1397,2003.6752
20180725,JU1800680,A1013,963.072
20180725,JU1807929,A0941,2504.594
20180725,JU1802206,A1285,963.072
20180725,JU1805293,A1302,1279.11
20180725,JU1803709,A1163,4834.0768
20180725,JU1802357,A1406,740.1636
20180725,JU1805082,A1163,4320.036
20180725,JU1805090,A0990,2500.01136
20180725,JU1802993,A0771,2900.44608
20180725,JU1800252,A0610,8469.12
20180725,JU1806761,A0412,3571.4448
20180725,JU1805462,A1228,1123.584
20180725,JU1809002,A0869,2558.22
20180725,JU1801488,A0961,1203.84
20180725,JU1804142,A0659,185.0409
20180725,JU1800061,A1062,500.9188
20180725,JU1802798,A0382,1926.144
20180726,JU1801266,A1175,4583.04
20180726,JU1808051,A0803,925.2045
20180726,JU1802174,A0585,831.6
20180726,JU1808247,A0536,2142.86688
20180726,JU1802202,A1134,1926.144
20180726,JU1800296,A1091,963.072
20180726,JU1802728,A1104,2558.22
20180726,JU1808757,A1004,1605.12
20180726,JU1800288,A0731,4320.036
20180726,JU1803615,A1181,1123.584
20180726,JU1801805,A0816,2006.4
20180726,JU1805020,A1369,740.1636
20180726,JU1800443,A0436,2500.01136
20180726,JU1808179,A0470,740.1636
20180726,JU1802664,A1413,2900.44608
20180726,JU1805240,A0515,2006.4
20180726,JU1801515,A1100,2504.594
20180726,JU1800423,A0802,4834.0768
20180726,JU1801646,A0852,319.7775
20180726,JU1803013,A0593,3437.28
20180726,JU1805771,A0493,4408.8
20180726,JU1808080,A0961,4320.036
20180726,JU1808359,A0763,2003.6752
20180726,JU1802954,A1409,519.75
20180726,JU1803393,A0905,2142.86688
20180726,JU1808223,A1413,963.072
20180726,JU1805311,A0972,1252.297
20180726,JU1809175,A0632,2142.86688
20180726,JU1802370,A0994,1598.8875
20180726,JU1807758,A1415,831.6
20180726,JU1808446,A1316,2558.22
20180726,JU1801354,A1367,1850.409
20180726,JU1808868,A0423,2558.22
20180726,JU1800604,A1293,6171.48
20180726,JU1803634,A0426,2142.86688
20180727,JU1802913,A1175,1039.5
20180727,JU1803345,A0852,166.32
20180727,JU1804155,A0811,1123.584
20180727,JU1807311,A0630,1598.8875
20180727,JU1802769,A1201,2142.86688
20180727,JU1808103,A0996,1039.5
20180727,JU1805496,A0368,3197.775
20180727,JU1808361,A1219,1404.48
20180727,JU1807468,A1149,1279.11
20180727,JU1801990,A0716,166.32
20180727,JU1807601,A1412,1203.84
20180727,JU1807890,A1388,831.6
20180727,JU1803366,A0472,6171.48
20180727,JU1807546,A1116,740.1636
20180727,JU1808180,A0431,7405.776
20180727,JU1804387,A1164,415.8
20180727,JU1807182,A1130,2407.68
20180727,JU1809088,A0824,415.8
20180727,JU1806930,A0977,831.6
20180727,JU1807566,A0422,415.8
20180727,JU1809035,A1278,415.8
20180727,JU1805398,A0463,4583.04
20180727,JU1800208,A1068,6171.48
20180727,JU1802010,A0811,1203.84
20180727,JU1805432,A1367,332.64
20180727,JU1801097,A0464,2142.86688
20180727,JU1803892,A0357,1279.11
20180727,JU1806673,A0380,2407.68
20180727,JU1801385,A0462,3702.888
20180727,JU1803344,A0513,665.28
20180727,JU1806956,A1265,665.28
20180727,JU1803357,A1133,370.0818
20180727,JU1806937,A1265,8469.12
20180727,JU1805324,A0382,332.64
20180730,JU1807430,A1007,3383.85376
20180730,JU1805228,A0583,6171.48
20180730,JU1800941,A0993,740.1636
20180730,JU1803440,A0357,1605.12
20180730,JU1804304,A1353,1404.48
20180730,JU1801052,A0616,963.072
20180730,JU1802296,A1290,3437.28
20180730,JU1808958,A0891,415.8
20180730,JU1809136,A1186,2006.4
20180730,JU1809007,A0694,415.8
20180730,JU1807959,A1264,1001.8376
20180730,JU1807260,A1360,8822
20180730,JU1808864,A0632,7405.776
20180730,JU1805738,A0853,3702.888
20180730,JU1807189,A0953,1039.5
20180730,JU1807990,A0422,740.1636
20180730,JU1808726,A0593,2142.86688
20180730,JU1801628,A1124,519.75
20180730,JU1801610,A0514,103.95
20180730,JU1806817,A0629,1252.297
20180730,JU1808624,A1101,8281.07136
20180730,JU1805338,A1079,2504.594
20180730,JU1802116,A1197,166.32
20180730,JU1801528,A1313,1605.12
20180730,JU1800123,A0583,4285.73376
20180730,JU1807973,A1332,7405.776
20180730,JU1801287,A1278,1001.8376
20180731,JU1807047,A1253,963.072
20180731,JU1806751,A1248,2142.86688
20180731,JU1805283,A1076,415.8
20180731,JU1804495,A1020,1001.8376
20180731,JU1805716,A1139,2142.86688
20180731,JU1807930,A0972,415.8
20180731,JU1803270,A1181,3702.888
20180731,JU1800152,A1187,1926.144
20180731,JU1805055,A0592,4408.8
20180731,JU1805218,A0683,332.64
20180731,JU1802145,A1183,10570.896
20180731,JU1807925,A0560,1001.8376
20180731,JU1807856,A1013,332.64
20180731,JU1801350,A0559,2142.86688
20180731,JU1808265,A0459,1123.584
20180731,JU1807976,A0977,740.1636
20180731,JU1804507,A0432,3571.4448
20180731,JU1804048,A0808,3571.4448
20180731,JU1805752,A1333,21251.864
20180731,JU1800179,A0761,25502.2368
20180731,JU1803062,A1208,1926.144
20180731,JU1803180,A0907,963.072
20180731,JU1800697,A0686,963.072
20180731,JU1802573,A0431,925.2045
20180731,JU1803109,A0607,370.0818
20180731,JU1802729,A0988,27122.9
20180731,JU1803855,A1161,740.1636
20180731,JU1804024,A0987,4320.036
20180731,JU1804424,A0808,831.6
20180731,JU1800676,A0480,332.64
20180731,JU1800218,A0547,1039.5
20180731,JU1809032,A0505,665.28
20180731,JU1804284,A0559,831.6
20180731,JU1805799,A1338,7405.776
20180731,JU1809202,A0893,3702.888
20180731,JU1800411,A0762,1605.12
20180731,JU1801299,A1367,925.2045
20180731,JU1808497,A0742,1404.48
20180731,JU1806161,A0422,332.64
20180731,JU1803798,A0842,7057.6
20180801,AU1800983,A0801,3702.888
20180801,AU1802784,A0903,2500.01136
20180801,AU1806739,A1064,1252.297
20180801,AU1805965,A0517,4372.76
20180801,AU1806314,A0893,7216
20180801,AU1804851,A1362,8405.3376
20180801,AU1804409,A1161,2787.84
20180801,AU1806884,A0760,504.108
20180801,AU1804219,A0505,4881.888
20180801,AU1803880,A1009,1290.1
20180801,AU1808138,A0375,10755.36
20180801,AU1808511,A0881,3417.3216
20180801,AU1803729,A0862,5610
20180801,AU1803221,A0399,10824
20180801,AU1808256,A0800,504.108
20180801,AU1802476,A1332,6246.8
20180801,AU1806425,A0881,209
20180802,AU1801154,A0739,1203.84
20180802,AU1805464,A1290,519.75
20180802,AU1806498,A0883,207.9
20180802,AU1802485,A1065,2142.86688
20180802,AU1808391,A0947,209
20180802,AU1804670,A0424,104.5
20180802,AU1802253,A0515,3417.3216
20180802,AU1809022,A1133,9020
20180802,AU1805575,A0961,504.108
20180802,AU1804900,A0965,4328.1216
20180802,AU1806008,A0690,9997.02
20180802,AU1806799,A0963,7216
20180802,AU1805745,A0963,1290.1
20180802,AU1800275,A0853,10824
20180802,AU1807398,A0744,1260.27
20180802,AU1800945,A1318,6209.9136
20180803,AU1804401,A0925,3571.4448
20180803,AU1805504,A1183,1404.48
20180803,AU1803727,A0815,519.75
20180803,AU1803391,A1002,3383.85376
20180803,AU1802252,A1410,963.072
20180803,AU1804094,A1193,1279.11
20180803,AU1808563,A1316,2142.86688
20180803,AU1807417,A1290,17314.5
20180803,AU1800796,A1056,3717.12
20180803,AU1806962,A1135,4881.888
20180803,AU1804810,A0412,5610
20180803,AU1802633,A1138,5858.2656
20180806,AU1807846,A0415,3417.3216
20180806,AU1809073,A0967,1612.625
20180806,AU1807421,A1030,3225.25
20180806,AU1806510,A1161,11207.1168
20180806,AU1806070,A0547,7496.16
20180806,AU1806483,A0444,21756.24
20180806,AU1808227,A0943,209
20180806,AU1807190,A1079,4328.1216
20180807,AU1807830,A0432,504.108
20180807,AU1806235,A0529,504.108
20180807,AU1802219,A1306,6246.8
20180807,AU1802379,A0785,322.525
20180807,AU1807019,A0670,83.6
20180808,AU1800782,A0934,1260.27
20180808,AU1801746,A0892,1260.27
20180808,AU1804815,A1369,3717.12
20180808,AU1800707,A0647,167.2
20180808,AU1800318,A1276,3225.25
20180808,AU1800904,A1135,4372.76
20180808,AU1805744,A1193,14340.48
20180808,AU1806139,A1137,1260.27
20180808,AU1802920,A0764,167.2
20180808,AU1802256,A0881,1290.1
20180808,AU1800479,A1332,4646.4
20180808,AU1803399,A0883,16073.64
20180808,AU1808820,A0659,167.2
20180808,AU1805402,A0890,4372.76
20180809,AU1802150,A1104,2428.8
20180809,AU1809371,A1108,167.2
20180809,AU1806578,A1420,4881.888
20180809,AU1803955,A1152,6246.8
20180809,AU1803206,A0678,4372.76
20180809,AU1806880,A0800,4881.888
20180809,AU1808919,A1226,3717.12
20180809,AU1803565,A1390,7216
20180809,AU1803557,A0436,645.05
20180809,AU1803298,A0708,6246.8
20180809,AU1801536,A1360,3225.25
20180809,AU1807156,A0720,6246.8
20180809,AU1804672,A0821,5858.2656
20180809,AU1806650,A1226,372.438
20180809,AU1802693,A0852,1612.625
20180810,AU1804901,A0881,5610
20180810,AU1802897,A1064,17314.5
20180810,AU1808261,A1027,19288.368
20180810,AU1802645,A1265,21756.24
20180810,AU1800083,A1120,167.2
20180810,AU1807752,A0763,9020
20180810,AU1804008,A0761,372.438
20180813,AU1801431,A0707,9020
20180813,AU1808468,A1304,1260.27
20180813,AU1800100,A1193,4881.888
20180813,AU1808995,A1212,1290.1
20180813,AU1808074,A0589,4372.76
20180813,AU1807593,A0830,1260.27
20180813,AU1800944,A1188,2520.54
20180813,AU1800915,A0792,6246.8
20180813,AU1807556,A1295,4881.888
20180813,AU1808602,A1055,2580.2
20180814,AU1808038,A1248,19288.368
20180814,AU1806303,A1384,8405.3376
20180814,AU1800437,A0587,2580.2
20180814,AU1801874,A0838,2428.8
20180814,AU1809235,A1197,2580.2
20180814,AU1807034,A0582,4646.4
20180814,AU1802195,A0641,8659.2
20180814,AU1804656,A0530,1260.27
20180814,AU1805336,A0670,4328.1216
20180814,AU1806836,A0927,8659.2
20180814,AU1802678,A0997,1290.1
20180814,AU1802847,A0428,2520.54
20180815,AU1802457,A0354,252.054
20180815,AU1808455,A1277,322.525
20180815,AU1805521,A0722,2520.54
20180815,AU1805912,A1415,11207.1168
20180815,AU1803543,A0878,104.5
20180815,AU1804070,A1305,16073.64
20180815,AU1806196,A1020,13531.32
20180815,AU1800691,A1319,6246.8
20180815,AU1805929,A0380,4372.76
20180815,AU1804669,A0463,2520.54
20180815,AU1800514,A1416,2520.54
20180816,AU1805013,A1280,6246.8
20180816,AU1805671,A0373,645.05
20180816,AU1800096,A0842,1290.1
20180816,AU1801481,A0977,10824
20180816,AU1806377,A0952,2787.84
20180816,AU1800289,A1142,4372.76
20180816,AU1804471,A1302,7216
20180816,AU1801577,A1255,1290.1
20180816,AU1801996,A0529,4881.888
20180816,AU1805836,A0745,2520.54
20180816,AU1807317,A1110,4328.1216
20180816,AU1807751,A0892,3484.8
20180816,AU1800213,A1277,5858.2656
20180817,AU1807264,A0754,4488
20180817,AU1800978,A0673,6246.8
20180817,AU1801499,A0375,4881.888
20180817,AU1805591,A0786,4328.1216
20180817,AU1807155,A0484,3417.3216
20180817,AU1803772,A0770,2787.84
20180817,AU1800475,A1214,5858.2656
20180817,AU1808350,A1181,167.2
20180817,AU1805458,A1240,6209.9136
20180817,AU1806830,A0369,167.2
20180817,AU1803863,A1067,5858.2656
20180820,AU1802930,A1135,4881.888
20180820,AU1807849,A1285,1260.27
20180820,AU1807005,A1119,2580.2
20180820,AU1808319,A0887,14340.48
20180820,AU1806703,A0808,3225.25
20180820,AU1800960,A0811,2520.54
20180820,AU1802626,A0942,4881.888
20180820,AU1800112,A1079,1260.27
20180820,AU1805280,A0670,2520.54
20180820,AU1805922,A0937,167.2
20180820,AU1805203,A0745,8279.8848
20180821,AU1806807,A1314,2580.2
20180821,AU1805352,A0708,3484.8
20180821,AU1807098,A0389,3225.25
20180821,AU1808762,A1285,3417.3216
20180821,AU1808127,A0955,3225.25
20180821,AU1803997,A0881,6209.9136
20180821,AU1801912,A0878,2428.8
20180821,AU1806908,A1144,10824
20180821,AU1808658,A0965,17314.5
20180821,AU1806947,A0422,1260.27
20180821,AU1808816,A0978,7496.16
20180821,AU1807648,A0559,9020
20180822,AU1804592,A0991,322.525
20180822,AU1805597,A1261,4881.888
20180822,AU1800632,A0706,4328.1216
20180822,AU1809049,A0713,27839
20180822,AU1804139,A0961,1612.625
20180822,AU1802515,A0513,3225.25
20180822,AU1803876,A1232,645.05
20180822,AU1807067,A0835,2428.8
20180822,AU1801847,A1101,1612.625
20180822,AU1807562,A1095,5858.2656
20180822,AU1804279,A0836,372.438
20180822,AU1803964,A0708,2580.2
20180822,AU1807036,A1343,2580.2
20180822,AU1803531,A0883,2580.2
20180822,AU1801879,A0907,2787.84
20180822,AU1803699,A0530,1260.27
20180823,AU1807406,A1049,6209.9136
20180823,AU1808615,A1293,4646.4
20180823,AU1801497,A0808,6209.9136
20180823,AU1803231,A0953,11207.1168
20180823,AU1806255,A0949,7216
20180823,AU1808590,A1135,4646.4
20180823,AU1800205,A1387,4328.1216
20180823,AU1807418,A1302,9020
20180823,AU1800599,A1353,17314.5
20180823,AU1808628,A0376,209
20180824,AU1800745,A0545,7496.16
20180824,AU1807012,A0453,83.6
20180824,AU1805485,A0914,3225.25
20180824,AU1806768,A1104,1612.625
20180824,AU1804735,A0686,4372.76
20180824,AU1805290,A0869,3417.3216
20180824,AU1807941,A0686,372.438
20180824,AU1804642,A0946,322.525
20180824,AU1809024,A1299,3417.3216
20180824,AU1803765,A0785,3417.3216
20180824,AU1803136,A0941,4881.888
20180824,AU1807665,A0940,7216
20180827,AU1804687,A1100,4328.1216
20180827,AU1806895,A0865,372.438
20180827,AU1800263,A0741,2428.8
20180827,AU1801648,A0574,14340.48
20180827,AU1801975,A0686,13531.32
20180827,AU1801570,A0982,7216
20180827,AU1800686,A1282,4328.1216
20180827,AU1802232,A0493,1290.1
20180827,AU1804082,A0693,5858.2656
20180827,AU1804511,A1130,2428.8
20180827,AU1801014,A0423,11207.1168
20180827,AU1805776,A1288,504.108
20180827,AU1805863,A1161,4372.76
20180827,AU1807822,A0603,4488
20180828,AU1802085,A1184,3225.25
20180828,AU1807764,A0403,83.6
20180828,AU1807912,A0665,3484.8
20180828,AU1801455,A0919,4372.76
20180828,AU1807198,A0412,26107.488
20180828,AU1808763,A1089,6209.9136
20180828,AU1801946,A0741,4881.888
20180829,AU1808524,A0928,2520.54
20180829,AU1800984,A0944,2787.84
20180829,AU1802139,A0431,1290.1
20180829,AU1802345,A1420,209
20180829,AU1802571,A0811,372.438
20180829,AU1805473,A0808,10824
20180829,AU1808420,A0918,3225.25
20180829,AU1808345,A1003,2428.8
20180829,AU1806846,A0887,3484.8
20180829,AU1800429,A1153,3225.25
20180829,AU1803320,A0879,1612.625
20180829,AU1805456,A1240,2520.54
20180829,AU1802471,A0879,8659.2
20180829,AU1808221,A0438,167.2
20180829,AU1805855,A1164,6246.8
20180829,AU1801924,A0513,1290.1
20180829,AU1802947,A0992,4328.1216
20180829,AU1801578,A0801,10824
20180829,AU1800720,A1331,1260.27
20180829,AU1805654,A0583,3417.3216
20180829,AU1808482,A0919,3417.3216
20180830,AU1809115,A0354,372.438
20180830,AU1803410,A0886,1290.1
20180830,AU1802439,A0592,1612.625
20180830,AU1804049,A1345,7496.16
20180830,AU1802159,A0703,7496.16
20180830,AU1806386,A0970,27839
20180830,AU1804437,A1072,2520.54
20180830,AU1800698,A1069,3717.12
20180830,AU1802833,A0846,2787.84
20180830,AU1809079,A0953,2787.84
20180830,AU1802625,A1297,10755.36
20180830,AU1800301,A0450,10824
20180830,AU1800751,A0943,3417.3216
20180831,AU1806464,A1129,2580.2
20180831,AU1802312,A0427,16073.64
20180831,AU1808520,A0967,7496.16
20180831,AU1800928,A0940,13531.32
20180831,AU1804385,A0769,1260.27
20180831,AU1807534,A0514,13531.32
20180831,AU1802388,A0506,322.525
20180831,AU1806969,A0800,10824
20180831,AU1801749,A1306,6246.8
20180831,AU1806644,A0815,5858.2656
20180831,AU1801309,A0436,3225.25
20180831,AU1801478,A1381,8405.3376
20180831,AU1800448,A1228,7496.16
20180831,AU1802545,A0927,16073.64
20180831,AU1802224,A0824,372.438
20180831,AU1800996,A0945,3417.3216
20180831,AU1803236,A1357,2428.8
20180831,AU1803354,A0990,3417.3216
20180831,AU1805874,A1142,8659.2
20180903,SE1808353,A0923,1290.1
20180903,SE1802674,A0808,7216
20180903,SE1801930,A1413,14340.48
20180903,SE1801985,A0473,209
20180903,SE1808801,A0420,2520.54
20180903,SE1807017,A1114,2787.84
20180903,SE1801466,A1350,3417.3216
20180903,SE1806680,A0363,3225.25
20180903,SE1801960,A0987,10755.36
20180903,SE1806292,A0919,4328.1216
20180903,SE1801113,A1412,1612.625
20180903,SE1806734,A0632,2520.54
20180903,SE1804333,A0632,4328.1216
20180903,SE1807824,A1358,4372.76
20180903,SE1802222,A0493,7216
20180903,SE1803678,A1333,3417.3216
20180903,SE1806165,A0709,3225.25
20180903,SE1807381,A0862,3225.25
20180904,SE1803392,A1215,5858.2656
20180904,SE1800396,A0575,1290.1
20180904,SE1807085,A0951,1612.625
20180904,SE1808612,A0507,4488
20180904,SE1807364,A1332,3225.25
20180904,SE1803608,A0414,2520.54
20180904,SE1802793,A1036,1612.625
20180904,SE1806187,A1412,4646.4
20180904,SE1807669,A1036,2580.2
20180904,SE1801075,A1307,252.054
20180904,SE1806741,A1003,104.5
20180904,SE1804654,A0542,167.2
20180905,SE1800705,A0886,3417.3216
20180905,SE1806595,A0964,8405.3376
20180905,SE1802027,A0879,2428.8
20180905,SE1801934,A1333,2787.84
20180905,SE1809238,A1412,4488
20180905,SE1802516,A1388,6209.9136
20180905,SE1808819,A1343,167.2
20180905,SE1801012,A0893,5610
20180905,SE1807964,A1095,5858.2656
20180905,SE1802658,A1124,4372.76
20180905,SE1802952,A0873,186.219
20180905,SE1807445,A0630,2520.54
20180906,SE1802338,A0530,186.219
20180906,SE1805721,A1370,4646.4
20180906,SE1801720,A1057,4881.888
20180906,SE1803667,A0742,2787.84
20180906,SE1808532,A0795,1612.625
20180906,SE1804054,A1257,21756.24
20180906,SE1803632,A0641,1612.625
20180907,SE1806114,A0800,7216
20180907,SE1804041,A1286,8405.3376
20180907,SE1806041,A0795,8405.3376
20180907,SE1804852,A0574,104.5
20180907,SE1803564,A1062,33406.8
20180907,SE1803647,A0826,2520.54
20180907,SE1802135,A0412,21756.24
20180907,SE1803639,A0531,2428.8
20180907,SE1804752,A0845,3484.8
20180910,SE1806321,A0566,2520.54
20180910,SE1804893,A0878,1612.625
20180910,SE1802611,A0494,2520.54
20180910,SE1804807,A0900,2787.84
20180910,SE1800454,A0353,167.2
20180910,SE1802129,A1076,2787.84
20180910,SE1805238,A1027,2580.2
20180910,SE1800906,A0962,1260.27
20180910,SE1807388,A0847,186.219
20180910,SE1808779,A0771,3417.3216
20180911,SE1806050,A1123,1290.1
20180911,SE1803683,A0867,8659.2
20180911,SE1807569,A0457,1612.625
20180911,SE1800574,A1062,167.2
20180911,SE1806001,A0861,5610
20180911,SE1809362,A1057,104.5
20180911,SE1800699,A0771,7496.16
20180911,SE1804162,A0690,1290.1
20180911,SE1808077,A0399,4881.888
20180911,SE1800789,A0629,2520.54
20180911,SE1805312,A0696,372.438
20180911,SE1805423,A1343,1290.1
20180911,SE1803268,A0419,167.2
20180911,SE1809125,A1409,10755.36
20180912,SE1801395,A1062,4488
20180912,SE1800104,A1036,504.108
20180912,SE1806526,A0977,4881.888
20180912,SE1807582,A0534,4372.76
20180912,SE1804754,A1302,3417.3216
20180912,SE1802117,A0890,4372.76
20180913,SE1800135,A0891,14340.48
20180913,SE1800165,A0514,4881.888
20180913,SE1806777,A0955,7496.16
20180913,SE1807954,A0464,3484.8
20180913,SE1808271,A0895,4488
20180913,SE1801146,A1241,4488
20180913,SE1807550,A0946,19288.368
20180913,SE1802943,A1035,645.05
20180913,SE1807698,A0530,6246.8
20180913,SE1809363,A1204,4881.888
20180913,SE1800043,A1302,2580.2
20180913,SE1804763,A0774,8405.3376
20180914,SE1803265,A0690,3417.3216
20180914,SE1800717,A1072,6209.9136
20180914,SE1809126,A0502,5858.2656
20180914,SE1806494,A1153,4881.888
20180914,SE1802996,A1388,7496.16
20180914,SE1807583,A0933,6246.8
20180914,SE1802087,A0808,4881.888
20180914,SE1802088,A0605,167.2
20180914,SE1800649,A1201,167.2
20180917,SE1808415,A0871,2580.2
20180917,SE1803951,A1384,4328.1216
20180917,SE1807723,A1287,2520.54
20180917,SE1800841,A1181,83.6
20180917,SE1807719,A0990,1290.1
20180917,SE1800752,A0961,2787.84
20180917,SE1807904,A0792,167.2
20180917,SE1806409,A1358,7496.16
20180918,SE1800057,A0510,8405.3376
20180918,SE1802424,A1385,2520.54
20180918,SE1804224,A1215,7216
20180918,SE1803304,A0762,104.5
20180919,SE1805237,A1139,6246.8
20180919,SE1806379,A1295,104.5
20180919,SE1806766,A1167,3225.25
20180919,SE1803200,A1388,2520.54
20180919,SE1801637,A1415,2428.8
20180919,SE1805892,A1062,2787.84
20180919,SE1802204,A1230,19288.368
20180920,SE1805937,A1371,1260.27
20180920,SE1805966,A1357,5858.2656
20180920,SE1801365,A1345,21756.24
20180920,SE1802240,A1244,4881.888
20180920,SE1804506,A1201,4328.1216
20180920,SE1805139,A1369,2428.8
20180920,SE1808422,A0761,5858.2656
20180920,SE1801546,A1228,1612.625
20180920,SE1807573,A1221,5858.2656
20180920,SE1801502,A0681,3417.3216
20180920,SE1801415,A1009,3225.25
20180920,SE1804129,A1187,17314.5
20180921,SE1806960,A0951,5858.2656
20180921,SE1807459,A0706,4328.1216
20180921,SE1803560,A1001,11207.1168
20180921,SE1805947,A0907,7496.16
20180921,SE1808437,A0408,2787.84
20180921,SE1803353,A0519,6246.8
20180921,SE1800194,A0836,167.2
20180921,SE1807229,A0892,504.108
20180921,SE1808875,A1095,6209.9136
20180921,SE1804011,A1419,2428.8
20180921,SE1800844,A0782,1290.1
20180921,SE1801360,A1164,5858.2656
20180921,SE1804493,A0933,2428.8
20180921,SE1805044,A0464,1260.27
20180921,SE1808904,A0452,1260.27
20180924,SE1800111,A1101,2520.54
20180924,SE1807886,A0504,10755.36
20180924,SE1806588,A1003,1290.1
20180924,SE1804760,A0813,167.2
20180924,SE1801838,A0368,2520.54
20180924,SE1801711,A1232,8405.3376
20180924,SE1801963,A0627,7216
20180924,SE1803934,A1130,6246.8
20180924,SE1805266,A1313,3417.3216
20180924,SE1803151,A0574,2428.8
20180924,SE1802157,A1103,1612.625
20180924,SE1806266,A0854,8405.3376
20180924,SE1807057,A0428,167.2
20180924,SE1801149,A1226,8405.3376
20180924,SE1809369,A0459,186.219
20180924,SE1808106,A0994,3417.3216
20180924,SE1803739,A1388,9020
20180925,SE1807063,A0870,8405.3376
20180925,SE1802377,A0484,3717.12
20180925,SE1803936,A1249,1260.27
20180925,SE1806938,A0875,6209.9136
20180925,SE1809379,A0457,7216
20180925,SE1806931,A0630,1612.625
20180925,SE1800114,A0887,3417.3216
20180925,SE1807176,A1373,3717.12
20180925,SE1806648,A1412,2428.8
20180926,SE1808676,A0703,372.438
20180926,SE1809087,A0928,2520.54
20180926,SE1809276,A1203,4328.1216
20180926,SE1807933,A1390,8279.8848
20180926,SE1801206,A0410,21756.24
20180926,SE1807810,A1120,3484.8
20180926,SE1805995,A0607,4372.76
20180926,SE1803414,A0763,5858.2656
20180926,SE1801855,A0607,6246.8
20180926,SE1802739,A0830,10755.36
20180927,SE1805936,A0873,21756.24
20180927,SE1803443,A0760,5858.2656
20180927,SE1804065,A1062,3417.3216
20180927,SE1800648,A0428,186.219
20180927,SE1800666,A1153,6209.9136
20180927,SE1805751,A1236,252.054
20180927,SE1800861,A0724,2428.8
20180927,SE1800199,A1305,186.219
20180927,SE1800958,A1228,2428.8
20180927,SE1801717,A1329,504.108
20180927,SE1804776,A0930,9997.02
20180927,SE1800153,A0715,504.108
20180928,SE1803187,A0822,104.5
20180928,SE1804352,A0767,9020
20180928,SE1802073,A0498,504.108
20180928,SE1803041,A1312,21756.24
20180928,SE1806518,A0615,7496.16
20180928,SE1801329,A0605,3225.25
20180928,SE1803599,A0516,167.2
20180928,SE1805991,A1381,372.438
20180928,SE1802373,A1216,6209.9136
20180928,SE1805029,A0690,3417.3216
20180928,SE1800793,A1406,9020
20180928,SE1800197,A0506,2787.84
20180928,SE1807732,A0547,2787.84
20180928,SE1807150,A1050,2428.8
20180928,SE1801602,A0920,5858.2656
20181001,OC1809042,A0781,83.6
20181001,OC1800609,A1272,6026.29632
20181001,OC1800975,A1183,2711.808
20181001,OC1801458,A0478,1470.9024
20181001,OC1804910,A1316,1585.15
20181001,OC1804838,A0982,1113.728
20181001,OC1803523,A1358,2475.28512
20181001,OC1807041,A1202,1113.728
20181001,OC1802840,A0785,1193.28
20181001,OC1800332,A0961,3350.38592
20181001,OC1808196,A0670,1470.9024
20181001,OC1803869,A0760,4243.34592
20181001,OC1802096,A1216,3536.1216
20181001,OC1808061,A0436,165.44
20181001,OC1804349,A0531,1193.28
20181001,OC1808900,A0641,2488.648
20181001,OC1804631,A1002,8624
20181001,OC1803157,A1265,1113.728
20181001,OC1801491,A0480,2871.75936
20181001,OC1808722,A1225,517
20181001,OC1804404,A0781,330.88
20181002,OC1803623,A0444,3417.3216
20181002,OC1808086,A0951,3536.1216
20181002,OC1807588,A0523,1193.28
20181002,OC1801997,A1382,2536.24
20181002,OC1806016,A1164,206.8
20181002,OC1807891,A0643,2871.75936
20181002,OC1802764,A0458,1591.04
20181002,OC1803971,A0883,1909.248
20181002,OC1808659,A1215,10875.74016
20181002,OC1803290,A1101,1244.324
20181002,OC1804452,A1345,1034
20181002,OC1803302,A1419,317.03
20181002,OC1802320,A1367,1470.9024
20181002,OC1807263,A0431,8624
20181002,OC1808686,A0578,9620.424
20181002,OC1803238,A0557,1268.12
20181002,OC1804470,A1079,2488.648
20181002,OC1806369,A1387,10386.432
20181002,OC1806530,A0745,497.7296
20181002,OC1806662,A1067,367.7256
20181002,OC1806551,A0566,206.8
20181002,OC1803962,A0456,2475.28512
20181002,OC1808158,A1076,8624
20181002,OC1806532,A0884,1392.16
20181002,OC1808126,A0357,1392.16
20181002,OC1803592,A1101,6899.2
20181003,OC1806907,A0986,11207.1168
20181003,OC1808372,A0837,3417.3216
20181003,OC1807187,A0773,5858.2656
20181003,OC1806838,A0892,17314.5
20181003,OC1809009,A1034,330.88
20181003,OC1800350,A1183,248.8648
20181003,OC1808716,A1232,1244.324
20181003,OC1803482,A1257,735.4512
20181003,OC1809179,A0905,1988.8
20181003,OC1804123,A0824,8156.80512
20181003,OC1800376,A1146,995.4592
20181003,OC1805636,A0531,4519.68
20181003,OC1808209,A0747,317.03
20181003,OC1800250,A1348,735.4512
20181003,OC1802065,A0633,2475.28512
20181003,OC1807956,A0760,1990.9184
20181003,OC1800921,A1064,1392.16
20181003,OC1801459,A0531,10875.74016
20181003,OC1807949,A1181,330.88
20181003,OC1803174,A0431,1909.248
20181003,OC1803058,A1226,2488.648
20181003,OC1801136,A0473,1392.16
20181003,OC1807838,A1357,2488.648
20181003,OC1804563,A0660,1034
20181003,OC1809100,A1178,4329.6
20181003,OC1800246,A1100,2386.56
20181003,OC1808048,A1332,330.88
20181003,OC1801388,A0994,1034
20181003,OC1805253,A0380,1470.9024
20181003,OC1803142,A0934,1268.12
20181003,OC1803182,A0574,6096.16
20181003,OC1804058,A1133,3657.696
20181003,OC1804658,A0513,4786.2656
20181003,OC1809101,A1329,1392.16
20181003,OC1804405,A0659,1268.12
20181003,OC1805434,A1129,1193.28
20181004,OC1802565,A0916,1260.27
20181004,OC1808425,A0895,1113.728
20181004,OC1802137,A0442,517
20181004,OC1803415,A0778,6026.29632
20181004,OC1805146,A0611,1909.248
20181004,OC1807091,A1277,1392.16
20181004,OC1801692,A0835,1591.04
20181004,OC1804132,A1381,1990.9184
20181004,OC1801035,A1257,661.76
20181004,OC1801684,A1003,1909.248
20181004,OC1806436,A1101,1268.12
20181004,OC1806776,A0552,1113.728
20181004,OC1809267,A0693,735.4512
20181004,OC1807243,A1092,183.8628
20181004,OC1801962,A0720,2386.56
20181004,OC1805116,A0881,4267.312
20181004,OC1803857,A0846,3615.744
20181004,OC1804660,A0365,9620.424
20181004,OC1802969,A0579,1909.248
20181004,OC1801801,A1228,995.4592
20181004,OC1802548,A0385,1988.8
20181004,OC1800561,A1092,4329.6
20181004,OC1800837,A1065,735.4512
20181005,OC1804899,A1244,2580.2
20181005,OC1803728,A0497,3225.25
20181005,OC1806667,A0724,322.525
20181005,OC1808692,A0863,1268.12
20181005,OC1805631,A0777,103.4
20181005,OC1805010,A0586,1193.28
20181005,OC1808236,A1260,6026.29632
20181005,OC1803868,A1230,1591.04
20181005,OC1806850,A0616,4786.2656
20181005,OC1803217,A1409,1990.9184
20181005,OC1805827,A0878,2475.28512
20181005,OC1806639,A0796,1034
20181005,OC1806286,A0897,1193.28
20181005,OC1808369,A0582,6096.16
20181005,OC1808320,A1316,3350.38592
20181005,OC1805729,A0745,330.88
20181005,OC1802231,A1274,1585.15
20181005,OC1808107,A1254,1988.8
20181005,OC1802747,A0972,8279.04
20181005,OC1800183,A0670,517
20181005,OC1806458,A0357,1392.16
20181005,OC1805960,A0616,1591.04
20181005,OC1803958,A0371,1034
20181005,OC1807333,A1116,330.88
20181005,OC1808093,A1323,517
20181008,OC1801888,A1407,1193.28
20181008,OC1808840,A0530,2386.56
20181008,OC1806264,A0569,1193.28
20181008,OC1807876,A0938,330.88
20181008,OC1808597,A0741,735.4512
20181008,OC1800780,A0373,13848.576
20181008,OC1800795,A0399,1193.28
20181008,OC1802885,A1202,2711.808
20181008,OC1804965,A1331,2475.28512
20181008,OC1800023,A0445,13021.584
20181008,OC1808874,A1009,5412
20181008,OC1801736,A0862,6096.16
20181008,OC1801063,A0708,1113.728
20181008,OC1808268,A0785,4786.2656
20181008,OC1800167,A0930,2475.28512
20181008,OC1807015,A0703,1838.628
20181008,OC1802430,A1406,1988.8
20181008,OC1807477,A0673,1034
20181008,OC1801702,A1114,2488.648
20181008,OC1804916,A0450,5412
20181008,OC1808850,A1135,5743.51872
20181009,OC1808582,A0640,5743.51872
20181009,OC1804873,A1135,661.76
20181009,OC1802392,A1129,1244.324
20181009,OC1803369,A0795,735.4512
20181009,OC1803983,A0815,5743.51872
20181009,OC1802594,A0817,3170.3
20181009,OC1803396,A0827,5743.51872
20181009,OC1801689,A0470,2475.28512
20181009,OC1802588,A0593,8156.80512
20181009,OC1808635,A1120,26406.8
20181009,OC1807335,A0944,1113.728
20181009,OC1804640,A1345,517
20181009,OC1807427,A0937,1591.04
20181009,OC1800180,A0799,165.44
20181009,OC1805328,A1236,634.06
20181009,OC1807139,A1068,517
20181009,OC1802559,A1002,661.76
20181009,OC1801591,A1420,661.76
20181009,OC1803661,A0934,1034
20181009,OC1804222,A0578,2386.56
20181009,OC1802604,A0630,7315.392
20181009,OC1803693,A1299,2386.56
20181009,OC1802656,A1387,995.4592
20181009,OC1806491,A0824,1591.04
20181010,OC1802898,A1385,330.88
20181010,OC1805492,A1124,1838.628
20181010,OC1803965,A0897,248.8648
20181010,OC1806564,A0863,661.76
20181010,OC1805442,A0932,1838.628
20181010,OC1806069,A1244,4243.34592
20181010,OC1801489,A0506,165.44
20181010,OC1804821,A0657,995.4592
20181010,OC1803576,A0724,1193.28
20181010,OC1806467,A1215,1591.04
20181010,OC1805459,A1390,2475.28512
20181010,OC1808547,A0994,3389.76
20181010,OC1805501,A0696,2386.56
20181010,OC1802119,A0716,5743.51872
20181010,OC1806137,A0641,1244.324
20181010,OC1801977,A1058,330.88
20181010,OC1800670,A1333,4243.34592
20181010,OC1802393,A0504,206.8
20181010,OC1807701,A0593,1838.628
20181010,OC1807893,A0747,9620.424
20181010,OC1804212,A0836,1392.16
20181010,OC1809275,A0660,995.4592
20181010,OC1806856,A1069,1113.728
20181010,OC1804747,A0662,517
20181010,OC1805707,A1232,3536.1216
20181010,OC1808637,A1226,1470.9024
20181010,OC1805493,A1323,1268.12
20181010,OC1808377,A0548,10386.432
20181010,OC1807170,A0528,5743.51872
20181011,OC1808849,A1133,1990.9184
20181011,OC1802472,A1370,2475.28512
20181011,OC1800692,A0881,1990.9184
20181011,OC1803720,A0528,2475.28512
20181011,OC1807851,A1119,165.44
20181011,OC1801979,A0637,3170.3
20181011,OC1803220,A0355,1990.9184
20181011,OC1800802,A1381,6096.16
20181011,OC1801423,A1110,10875.74016
20181011,OC1807006,A1236,1034
20181011,OC1807247,A1419,3657.696
20181011,OC1808530,A0883,1470.9024
20181011,OC1807504,A1420,3657.696
20181011,OC1804728,A0412,3536.1216
20181011,OC1803322,A0659,661.76
20181011,OC1803300,A0470,1591.04
20181011,OC1801452,A1167,1392.16
20181011,OC1808203,A0830,1268.12
20181011,OC1804124,A0593,2871.75936
20181011,OC1805350,A1036,9620.424
20181011,OC1807568,A1388,1909.248
20181011,OC1803803,A1210,919.314
20181011,OC1804801,A1358,2488.648
20181011,OC1800155,A0708,661.76
20181011,OC1808436,A1237,165.44
20181011,OC1805062,A0893,1990.9184
20181011,OC1804229,A1085,3615.744
20181012,OC1808830,A0811,5743.51872
20181012,OC1801195,A0493,2871.75936
20181012,OC1801066,A0903,1909.248
20181012,OC1800455,A0587,1591.04
20181012,OC1803150,A0574,1392.16
20181012,OC1807666,A0718,2711.808
20181012,OC1802166,A1258,103.4
20181012,OC1805019,A0697,4267.312
20181012,OC1800047,A0474,16577.4
20181012,OC1807213,A1054,8279.04
20181012,OC1804983,A0497,517
20181012,OC1805898,A0419,6026.29632
20181012,OC1801959,A0627,1193.28
20181012,OC1808160,A0531,1585.15
20181012,OC1806254,A0415,1838.628
20181012,OC1807426,A0942,2536.24
20181012,OC1809055,A1208,2536.24
20181012,OC1804462,A0548,1113.728
20181012,OC1806336,A0411,6899.2
20181012,OC1801276,A1130,1585.15
20181012,OC1803778,A0811,330.88
20181012,OC1806282,A1055,1268.12
20181012,OC1802660,A0686,2488.648
20181012,OC1804180,A1120,1034
20181012,OC1802049,A1274,1909.248
20181012,OC1802834,A0616,1034
20181012,OC1808332,A0470,3350.38592
20181015,OC1803549,A0942,3657.696
20181015,OC1806213,A0801,6026.29632
20181015,OC1802578,A0667,661.76
20181015,OC1801074,A1363,6899.2
20181015,OC1803447,A0516,2871.75936
20181015,OC1805723,A1195,2871.75936
20181015,OC1806051,A1138,330.88
20181015,OC1805543,A0905,3536.1216
20181015,OC1802870,A0471,735.4512
20181015,OC1806153,A0987,2871.75936
20181015,OC1808400,A0880,1113.728
20181015,OC1804360,A1415,8624
20181015,OC1807331,A0738,661.76
20181015,OC1802589,A0760,4786.2656
20181015,OC1806130,A0470,1193.28
20181015,OC1803107,A0869,1034
20181015,OC1807204,A0798,3350.38592
20181015,OC1803799,A1370,8156.80512
20181015,OC1803854,A1410,4786.2656
20181015,OC1804950,A0893,2488.648
20181015,OC1809004,A0887,3350.38592
20181015,OC1801944,A1390,1193.28
20181015,OC1804088,A0836,1838.628
20181015,OC1800772,A1237,330.88
20181015,OC1802372,A0978,517
20181015,OC1803784,A1151,2386.56
20181015,OC1807287,A0496,2386.56
20181015,OC1803474,A1413,4329.6
20181015,OC1804457,A1193,1392.16
20181015,OC1802815,A0610,1392.16
20181015,OC1805838,A1188,4267.312
20181015,OC1804743,A1349,15328.368
20181015,OC1803177,A1297,1990.9184
20181016,OC1805861,A1350,8156.80512
20181016,OC1804566,A1152,4329.6
20181016,OC1800498,A0592,1244.324
20181016,OC1806283,A0688,4267.312
20181016,OC1805968,A1170,7315.392
20181016,OC1800338,A0511,517
20181016,OC1803468,A0681,1244.324
20181016,OC1808200,A1278,6026.29632
20181016,OC1806647,A0747,317.03
20181016,OC1801359,A1329,1193.28
20181016,OC1804820,A1163,1034
20181016,OC1803117,A1159,2488.648
20181016,OC1800321,A1285,1909.248
20181016,OC1805251,A0463,4243.34592
20181016,OC1808447,A0919,4786.2656
20181016,OC1808537,A0830,3615.744
20181016,OC1801535,A0641,317.03
20181016,OC1805428,A1153,248.8648
20181016,OC1808704,A0686,1244.324
20181016,OC1801998,A0529,1113.728
20181016,OC1803918,A1409,5743.51872
20181016,OC1804854,A1338,206.8
20181016,OC1801283,A1254,206.8
20181016,OC1807682,A0601,1990.9184
20181016,OC1803239,A1094,1113.728
20181016,OC1802076,A0466,1113.728
20181016,OC1808975,A1326,661.76
20181016,OC1809066,A1065,661.76
20181017,OC1806306,A1162,1591.04
20181017,OC1800909,A0372,1113.728
20181017,OC1806700,A0996,1585.15
20181017,OC1808109,A0998,1244.324
20181017,OC1809106,A0839,1988.8
20181017,OC1801839,A0822,8624
20181017,OC1807952,A0419,1591.04
20181017,OC1804177,A1381,1193.28
20181017,OC1803956,A1337,1988.8
20181017,OC1809211,A0419,995.4592
20181017,OC1807212,A1415,1113.728
20181017,OC1806218,A0578,330.88
20181017,OC1808617,A0352,4243.34592
20181017,OC1806392,A0763,995.4592
20181017,OC1806184,A0375,24896.9856
20181017,OC1801831,A0673,20747.488
20181017,OC1802353,A1035,2871.75936
20181017,OC1803487,A0965,1244.324
20181017,OC1801754,A0993,517
20181017,OC1808753,A1221,1034
20181017,OC1803758,A1003,8624
20181017,OC1805435,A1057,735.4512
20181017,OC1805339,A1286,3536.1216
20181017,OC1804730,A0428,2871.75936
20181017,OC1803760,A0738,330.88
20181017,OC1804170,A0796,735.4512
20181017,OC1808620,A1316,517
20181017,OC1807093,A0991,517
20181017,OC1801420,A0371,2711.808
20181017,OC1805367,A1159,2871.75936
20181017,OC1809151,A0880,2871.75936
20181017,OC1809260,A0458,1193.28
20181017,OC1801190,A0853,1988.8
20181017,OC1808238,A0785,1034
20181018,OC1806615,A0708,1470.9024
20181018,OC1804434,A1100,2488.648
20181018,OC1805691,A1030,3657.696
20181018,OC1801857,A1241,2871.75936
20181018,OC1806327,A0393,1838.628
20181018,OC1805609,A0482,1392.16
20181018,OC1809244,A0923,1591.04
20181018,OC1802524,A0756,6026.29632
20181018,OC1800461,A1101,1392.16
20181018,OC1803087,A0953,3615.744
20181018,OC1802324,A1228,1591.04
20181018,OC1807511,A1065,3615.744
20181018,OC1803370,A1357,1034
20181018,OC1802570,A0982,995.4592
20181018,OC1808239,A0438,6899.2
20181018,OC1802074,A1178,2536.24
20181018,OC1802606,A0988,1988.8
20181018,OC1804363,A1237,2536.24
20181018,OC1807238,A0673,1034
20181018,OC1806889,A1319,1988.8
20181018,OC1806454,A0472,919.314
20181018,OC1800164,A1406,6899.2
20181018,OC1804610,A1419,2475.28512
20181018,OC1803946,A0738,5743.51872
20181018,OC1806506,A1162,4786.2656
20181018,OC1804087,A0496,165.44
20181018,OC1800713,A0802,330.88
20181018,OC1802810,A1278,3657.696
20181018,OC1808717,A1286,7315.392
20181019,OC1807968,A1402,3536.1216
20181019,OC1805941,A1149,517
20181019,OC1807500,A1204,919.314
20181019,OC1800336,A0993,661.76
20181019,OC1809269,A1110,735.4512
20181019,OC1800294,A1369,995.4592
20181019,OC1800733,A0438,1909.248
20181019,OC1806775,A0520,82.72
20181019,OC1800186,A1239,1591.04
20181019,OC1808444,A1258,3389.76
20181019,OC1805291,A0869,517
20181019,OC1800822,A0607,1113.728
20181019,OC1802653,A0428,661.76
20181019,OC1800971,A0357,3170.3
20181019,OC1802250,A1286,1909.248
20181019,OC1807441,A0528,4519.68
20181019,OC1800101,A0819,1591.04
20181019,OC1800671,A0994,661.76
20181019,OC1805478,A0742,3657.696
20181019,OC1806004,A1193,517
20181019,OC1803252,A0861,1193.28
20181019,OC1804517,A0949,2871.75936
20181019,OC1802203,A0816,995.4592
20181019,OC1808666,A1305,183.8628
20181022,OC1804361,A1151,31688.16
20181022,OC1800554,A0769,10875.74016
20181022,OC1808309,A0616,165.44
20181022,OC1807842,A0830,4329.6
20181022,OC1801547,A0627,9620.424
20181022,OC1803866,A1282,1244.324
20181022,OC1802182,A0875,517
20181022,OC1802553,A0575,1988.8
20181022,OC1802760,A1241,3350.38592
20181022,OC1805282,A1095,1909.248
20181022,OC1802506,A1278,2475.28512
20181022,OC1807894,A1130,7315.392
20181022,OC1805380,A0708,3536.1216
20181022,OC1806833,A1137,1193.28
20181022,OC1808076,A1419,9620.424
20181022,OC1806629,A0415,661.76
20181022,OC1804083,A0684,1909.248
20181022,OC1806854,A1161,3170.3
20181022,OC1806142,A0504,3615.744
20181022,OC1803791,A0528,330.88
20181022,OC1801144,A0464,661.76
20181022,OC1800551,A0916,206.8
20181022,OC1804768,A1193,2488.648
20181022,OC1809110,A0724,517
20181022,OC1803701,A1050,2871.75936
20181022,OC1804871,A0801,995.4592
20181022,OC1808702,A0808,3536.1216
20181022,OC1802648,A0679,367.7256
20181022,OC1805788,A1409,919.314
20181022,OC1802689,A1403,3615.744
20181022,OC1808493,A1068,2536.24
20181022,OC1804956,A1228,6899.2
20181022,OC1802801,A0419,1268.12
20181023,OC1804646,A1408,1034
20181023,OC1808273,A0972,3350.38592
20181023,OC1800192,A1343,5412
20181023,OC1802175,A0742,2871.75936
20181023,OC1805977,A0454,919.314
20181023,OC1808778,A1123,3389.76
20181023,OC1807028,A1108,2386.56
20181023,OC1807906,A0962,517
20181023,OC1806855,A1102,1244.324
20181023,OC1806326,A1252,919.314
20181023,OC1803652,A0534,3536.1216
20181023,OC1809083,A0480,1113.728
20181023,OC1807994,A0695,3350.38592
20181023,OC1802248,A0515,5743.51872
20181023,OC1803264,A0963,248.8648
20181023,OC1800661,A0927,735.4512
20181023,OC1806204,A0502,330.88
20181023,OC1805038,A1167,1193.28
20181023,OC1808279,A0445,1193.28
20181023,OC1808385,A1329,82.72
20181023,OC1805846,A0387,1113.728
20181023,OC1803534,A1369,2475.28512
20181023,OC1806495,A0587,248.8648
20181023,OC1802766,A0897,995.4592
20181023,OC1806391,A1306,1591.04
20181023,OC1804529,A0531,330.88
20181023,OC1801680,A0584,1988.8
20181023,OC1801957,A1169,1193.28
20181023,OC1805985,A0949,3657.696
20181023,OC1800075,A1110,2488.648
20181023,OC1806721,A1403,2536.24
20181023,OC1803836,A1020,1838.628
20181024,OC1807163,A0964,1268.12
20181024,OC1807747,A1076,1990.9184
20181024,OC1806042,A0408,1193.28
20181024,OC1807105,A1316,735.4512
20181024,OC1808110,A0952,995.4592
20181024,OC1804209,A1381,517
20181024,OC1808895,A0377,6026.29632
20181024,OC1806117,A1311,1988.8
20181024,OC1808878,A0923,2711.808
20181024,OC1802813,A1115,8624
20181024,OC1808677,A0544,4519.68
20181024,OC1802186,A0407,1838.628
20181024,OC1801876,A0510,6026.29632
20181024,OC1802700,A0496,3350.38592
20181024,OC1800949,A0744,1268.12
20181024,OC1805064,A0684,1591.04
20181024,OC1806214,A0380,330.88
20181024,OC1805470,A0763,1193.28
20181024,OC1801534,A1067,317.03
20181024,OC1800888,A0632,3350.38592
20181024,OC1802286,A0763,1244.324
20181024,OC1802869,A0824,1392.16
20181024,OC1806640,A0504,3536.1216
20181024,OC1804315,A1299,4243.34592
20181024,OC1807603,A0632,1591.04
20181024,OC1806310,A0696,1034
20181024,OC1803104,A1161,661.76
20181024,OC1800820,A0887,1909.248
20181024,OC1802440,A1193,2871.75936
20181024,OC1803847,A1413,330.88
20181024,OC1802921,A1319,4519.68
20181024,OC1805994,A0630,1392.16
20181024,OC1808544,A0578,2536.24
20181024,OC1801464,A0387,6026.29632
20181024,OC1803641,A1323,4243.34592
20181024,OC1806206,A1332,1193.28
20181024,OC1804677,A0529,10875.74016
20181024,OC1801573,A1345,1988.8
20181024,OC1803105,A0997,1034
20181024,OC1803423,A0892,1392.16
20181025,OC1806337,A1113,1244.324
20181025,OC1802221,A0688,13021.584
20181025,OC1800132,A1182,4786.2656
20181025,OC1805219,A1118,3350.38592
20181025,OC1809195,A1182,26406.8
20181025,OC1808262,A0796,4786.2656
20181025,OC1803459,A0982,3389.76
20181025,OC1808216,A0781,1244.324
20181025,OC1808282,A0629,1909.248
20181025,OC1804071,A1077,330.88
20181025,OC1808081,A1216,330.88
20181025,OC1805927,A0747,2386.56
20181025,OC1802959,A0745,1909.248
20181025,OC1800281,A0934,1470.9024
20181025,OC1801672,A0842,10348.8
20181025,OC1804491,A1120,3350.38592
20181025,OC1803145,A1187,2536.24
20181025,OC1807804,A0781,1392.16
20181025,OC1800245,A0474,1591.04
20181025,OC1807462,A0919,1988.8
20181025,OC1808399,A0994,661.76
20181025,OC1807059,A1313,7315.392
20181025,OC1804081,A1009,2711.808
20181025,OC1804371,A1416,1392.16
20181025,OC1807484,A0399,4243.34592
20181026,OC1804794,A1175,735.4512
20181026,OC1806248,A0462,15328.368
20181026,OC1807902,A1162,15328.368
20181026,OC1806459,A1027,3615.744
20181026,OC1807847,A0927,3615.744
20181026,OC1804258,A0407,1113.728
20181026,OC1804591,A0834,2871.75936
20181026,OC1808936,A1079,3657.696
20181026,OC1803763,A0371,3389.76
20181026,OC1804551,A1285,2711.808
20181026,OC1807782,A0438,367.7256
20181026,OC1802957,A0934,330.88
20181026,OC1802255,A0427,248.8648
20181026,OC1808739,A1265,4267.312
20181026,OC1804009,A1260,919.314
20181026,OC1806368,A1169,1034
20181026,OC1803250,A0845,7315.392
20181026,OC1807087,A0916,18394.0416
20181026,OC1806716,A0798,1585.15
20181026,OC1803219,A0982,2871.75936
20181026,OC1806795,A0419,3389.76
20181026,OC1806505,A0777,3350.38592
20181026,OC1802751,A1095,2536.24
20181026,OC1807640,A1153,1988.8
20181026,OC1808450,A1331,1193.28
20181026,OC1800425,A0819,4243.34592
20181026,OC1807106,A1270,517
20181026,OC1802669,A0457,330.88
20181026,OC1807371,A0673,497.7296
20181029,OC1801016,A0845,6899.2
20181029,OC1801173,A1390,165.44
20181029,OC1807225,A0506,1193.28
20181029,OC1808495,A0981,661.76
20181029,OC1807386,A0975,1990.9184
20181029,OC1807002,A1037,206.8
20181029,OC1804122,A0584,3536.1216
20181029,OC1804498,A1232,2536.24
20181029,OC1801469,A1332,3170.3
20181029,OC1804002,A0587,1585.15
20181029,OC1801002,A0506,1470.9024
20181029,OC1804115,A0943,1591.04
20181029,OC1808365,A0701,1193.28
20181029,OC1809052,A1302,661.76
20181029,OC1805441,A1030,6096.16
20181029,OC1801848,A0830,5743.51872
20181029,OC1800930,A1095,165.44
20181029,OC1808246,A0934,5743.51872
20181029,OC1801027,A0744,3170.3
20181029,OC1802980,A1270,735.4512
20181029,OC1802330,A1370,1470.9024
20181029,OC1801635,A0408,1909.248
20181029,OC1802727,A0907,1034
20181029,OC1800548,A0655,2475.28512
20181029,OC1806339,A0472,1909.248
20181029,OC1806056,A0771,1988.8
20181029,OC1800722,A0495,1034
20181029,OC1807737,A0428,3536.1216
20181029,OC1803581,A0988,2472.702
20181029,OC1807266,A0764,14955.732
20181029,OC1804427,A0745,1236.351
20181030,OC1808769,A0696,1838.628
20181030,OC1803094,A0576,3350.38592
20181030,OC1803074,A0892,1990.9184
20181030,OC1808987,A0357,735.4512
20181030,OC1802356,A0464,2488.648
20181030,OC1804695,A1130,1034
20181030,OC1803337,A0745,1034
20181030,OC1806885,A0495,2711.808
20181030,OC1808552,A0542,661.76
20181030,OC1803297,A0574,1193.28
20181030,OC1803191,A1333,1113.728
20181030,OC1809171,A0879,1193.28
20181030,OC1808543,A1282,1113.728
20181030,OC1804490,A0826,1244.324
20181030,OC1803123,A1334,20747.488
20181030,OC1809128,A0522,3170.3
20181030,OC1808956,A0943,6096.16
20181030,OC1805727,A0657,1909.248
20181030,OC1802124,A1055,4267.312
20181030,OC1804422,A1120,6096.16
20181030,OC1805667,A0919,2871.75936
20181030,OC1803446,A0695,1838.628
20181030,OC1804066,A0559,1257.13
20181030,OC1800384,A1410,2673.792
20181031,OC1809200,A1098,9620.424
20181031,OC1808689,A0731,1193.28
20181031,OC1801072,A1387,5743.51872
20181031,OC1806026,A0382,1988.8
20181031,OC1807110,A1150,3350.38592
20181031,OC1808745,A0920,1193.28
20181031,OC1804039,A0403,2711.808
20181031,OC1805482,A0403,735.4512
20181031,OC1802551,A0403,2488.648
20181031,OC1800223,A1103,5743.51872
20181031,OC1802251,A0693,1591.04
20181031,OC1805393,A1299,248.8648
20181031,OC1808516,A0387,1244.324
20181031,OC1807945,A1103,103.4
20181031,OC1802303,A0942,8279.04
20181031,OC1808419,A0643,1585.15
20181031,OC1806245,A1133,919.314
20181031,OC1805581,A0720,8279.04
20181031,OC1801845,A0997,103.4
20181031,OC1801069,A0997,8624
20181031,OC1804806,A0952,3536.1216
20181031,OC1809270,A1038,4456.32
20181031,OC1808848,A0607,10111.2
20181101,NO1805099,A1163,1591.04
20181101,NO1804946,A0627,2488.648
20181101,NO1808189,A1164,1113.728
20181101,NO1808930,A1388,2450.55888
20181101,NO1807983,A0576,3565.056
20181101,NO1801215,A0587,365.3694
20181101,NO1808718,A0708,8088.96
20181101,NO1800254,A0603,1257.13
20181101,NO1801036,A0992,13602.624
20181101,NO1808858,A1030,2450.55888
20181101,NO1805885,A1054,10201.968
20181101,NO1805877,A0428,3342.24
20181101,NO1803546,A0808,14955.732
20181101,NO1800484,A0815,5934.48768
20181102,NO1804114,A0678,1392.16
20181102,NO1803042,A1001,1034
20181102,NO1808932,A1057,1988.8
20181102,NO1802447,A0610,6899.2
20181102,NO1804621,A1221,1585.15
20181102,NO1805641,A1257,1838.628
20181102,NO1809070,A0870,205.7
20181102,NO1807053,A0856,365.3694
20181102,NO1809370,A0940,4200.95808
20181102,NO1806039,A0732,3500.7984
20181102,NO1808885,A1165,1461.4776
20181102,NO1806953,A0878,1461.4776
20181102,NO1801893,A1357,4214.588
20181102,NO1806014,A0408,182.6847
20181102,NO1806619,A0679,4200.95808
20181102,NO1808929,A1065,1257.13
20181102,NO1801119,A0796,1571.4125
20181102,NO1808839,A1410,2472.702
20181102,NO1808371,A0493,3500.7984
20181102,NO1805391,A1285,1257.13
20181102,NO1800226,A0821,365.3694
20181102,NO1808982,A0771,2365.44
20181102,NO1804461,A1214,4214.588
20181102,NO1808837,A0738,514.25
20181102,NO1805911,A1277,5686.14528
20181102,NO1802053,A1215,5686.14528
20181105,NO1801550,A1161,2365.44
20181105,NO1807191,A0743,4456.32
20181105,NO1802715,A1214,2365.44
20181105,NO1803594,A0982,3342.24
20181105,NO1806610,A0990,82.28
20181105,NO1806948,A0707,5313
20181105,NO1800108,A1007,4250.4
20181105,NO1802048,A1142,1236.351
20181105,NO1801023,A0942,24291.7344
20181105,NO1802315,A1139,3342.24
20181105,NO1807372,A1334,3316.91808
20181105,NO1809279,A1271,247.2702
20181105,NO1807485,A1179,205.7
20181105,NO1807154,A1284,4214.588
20181105,NO1808955,A0824,16208.85
20181105,NO1800225,A1101,17946.8784
20181105,NO1801158,A1197,314.2825
20181105,NO1804226,A0503,4214.588
20181106,NO1808467,A0953,1257.13
20181106,NO1803935,A1343,1571.4125
20181106,NO1801441,A1036,1461.4776
20181106,NO1803044,A1297,4200.95808
20181106,NO1804912,A1204,4738.4544
20181106,NO1808845,A0703,2514.26
20181106,NO1805910,A1415,2365.44
20181106,NO1807065,A1027,1257.13
20181106,NO1809034,A0796,2472.702
20181106,NO1802537,A1358,514.25
20181106,NO1807051,A0982,6740.8
20181106,NO1802002,A0557,4738.4544
20181106,NO1806226,A1358,6740.8
20181106,NO1807223,A1406,2514.26
20181106,NO1800090,A0529,1461.4776
20181107,NO1804681,A0864,20243.112
20181107,NO1805907,A1412,2673.792
20181107,NO1801186,A0552,3500.7984
20181107,NO1804392,A1150,7225.008
20181107,NO1802974,A1276,3565.056
20181107,NO1800337,A1108,2365.44
20181107,NO1800813,A0571,3316.91808
20181107,NO1803043,A1187,82.28
20181107,NO1801639,A0587,2450.55888
20181107,NO1806237,A0846,3316.91808
20181107,NO1806687,A1187,4200.95808
20181107,NO1802892,A1009,3142.825
20181107,NO1804738,A0480,1257.13
20181107,NO1803296,A1204,494.5404
20181107,NO1800932,A1214,2514.26
20181107,NO1806124,A0747,4456.32
20181107,NO1809037,A1204,3316.91808
20181108,NO1806951,A1359,205.7
20181108,NO1807304,A1120,2472.702
20181108,NO1800074,A0459,247.2702
20181108,NO1803470,A1089,2365.44
20181108,NO1802420,A1354,3142.825
20181108,NO1806679,A1195,102.85
20181108,NO1802526,A1054,1257.13
20181108,NO1802302,A0583,5313
20181108,NO1805262,A0632,25690.7
20181108,NO1804184,A0826,4214.588
20181108,NO1804408,A1133,3142.825
20181108,NO1807432,A0852,2472.702
20181108,NO1806508,A1323,5934.48768
20181108,NO1800428,A1146,4200.95808
20181108,NO1806232,A1130,2472.702
20181108,NO1804643,A1030,25690.7
20181108,NO1801379,A0357,1461.4776
20181108,NO1806560,A1104,1236.351
20181108,NO1807584,A0747,102.85
20181109,NO1809010,A0808,2472.702
20181109,NO1800875,A1345,4200.95808
20181109,NO1808459,A1408,1571.4125
20181109,NO1801303,A0881,13602.624
20181109,NO1802180,A0716,365.3694
20181109,NO1802986,A0869,1571.4125
20181109,NO1802128,A1313,1461.4776
20181109,NO1800710,A0655,3142.825
20181109,NO1805741,A0952,1257.13
20181109,NO1803614,A1306,2450.55888
20181112,NO1807244,A0842,1236.351
20181112,NO1801869,A0930,2365.44
20181112,NO1806793,A1292,2450.55888
20181112,NO1807848,A1274,1257.13
20181112,NO1806981,A1118,2673.792
20181112,NO1803341,A0721,247.2702
20181112,NO1807300,A0977,4200.95808
20181112,NO1809193,A0690,314.2825
20181112,NO1807044,A0819,6020.84
20181112,NO1802806,A0445,24291.7344
20181112,NO1805054,A0655,8032.53888
20181112,NO1804181,A0862,2365.44
20181112,NO1807977,A0769,1571.4125
20181112,NO1805760,A1236,1571.4125
20181113,NO1806222,A0418,365.3694
20181113,NO1801143,A0965,4200.95808
20181113,NO1808888,A1212,2472.702
20181113,NO1802752,A0414,3342.24
20181113,NO1802940,A0571,2365.44
20181113,NO1804868,A1027,1236.351
20181113,NO1801085,A0952,6740.8
20181113,NO1802207,A1144,9432.126
20181113,NO1803242,A1029,10710.05184
20181113,NO1803260,A0764,3500.7984
20181113,NO1801473,A1065,1236.351
20181113,NO1805261,A0937,4738.4544
20181113,NO1808172,A0382,102.85
20181113,NO1808182,A0607,2450.55888
20181114,NO1806038,A0547,1571.4125
20181114,NO1806177,A0445,4456.32
20181114,NO1800138,A0512,10710.05184
20181114,NO1804010,A0618,2365.44
20181114,NO1805544,A0861,205.7
20181114,NO1803080,A0574,205.7
20181114,NO1807759,A0720,4738.4544
20181114,NO1803188,A0945,6740.8
20181114,NO1806287,A0887,4250.4
20181114,NO1807631,A1388,1461.4776
20181114,NO1801202,A0862,514.25
20181114,NO1806902,A0763,3500.7984
20181115,NO1806654,A1312,164.56
20181115,NO1808951,A1313,5934.48768
20181115,NO1804053,A0552,1461.4776
20181115,NO1804999,A0952,4738.4544
20181115,NO1802992,A0369,1257.13
20181115,NO1807539,A0548,10201.968
20181115,NO1803066,A1415,2450.55888
20181115,NO1800630,A1333,514.25
20181115,NO1806816,A1225,4214.588
20181115,NO1806388,A1297,5686.14528
20181115,NO1805399,A0853,1236.351
20181115,NO1802695,A0665,10111.2
20181115,NO1805071,A1292,182.6847
20181115,NO1806307,A0686,1236.351
20181115,NO1805777,A0996,2472.702
20181115,NO1803544,A1236,5934.48768
20181115,NO1803472,A1169,2365.44
20181115,NO1809109,A0961,1236.351
20181116,NO1805216,A0801,3500.7984
20181116,NO1806740,A1092,365.3694
20181116,NO1801302,A1173,5686.14528
20181116,NO1806672,A1336,4250.4
20181116,NO1808663,A1304,2450.55888
20181116,NO1801231,A1252,2673.792
20181116,NO1809146,A1146,2450.55888
20181116,NO1808549,A1337,2673.792
20181116,NO1807715,A0802,3142.825
20181116,NO1809061,A0982,5934.48768
20181116,NO1801813,A1014,7225.008
20181116,NO1802451,A0582,1257.13
20181116,NO1800255,A0845,4200.95808
20181116,NO1803306,A1204,5934.48768
20181116,NO1808531,A1329,4214.588
20181116,NO1802572,A0515,164.56
20181116,NO1800209,A0802,20243.112
20181116,NO1801500,A0922,12766.716
20181116,NO1802316,A0869,3500.7984
20181119,NO1802862,A0800,2365.44
20181119,NO1804769,A0707,2472.702
20181119,NO1806926,A0450,3500.7984
20181119,NO1805344,A1184,514.25
20181119,NO1808026,A1401,5934.48768
20181119,NO1801913,A0597,1257.13
20181119,NO1801851,A1271,164.56
20181119,NO1800359,A0795,514.25
20181119,NO1801726,A0824,6020.84
20181119,NO1802216,A0505,1461.4776
20181119,NO1803905,A0862,1461.4776
20181119,NO1805967,A0548,20243.112
20181119,NO1800431,A0603,10111.2
20181119,NO1800667,A0819,365.3694
20181119,NO1802647,A0931,5686.14528
20181119,NO1809356,A1367,5686.14528
20181120,NO1806845,A0987,164.56
20181120,NO1805302,A0607,7912.65024
20181120,NO1804475,A0517,14955.732
20181120,NO1807940,A0837,247.2702
20181120,NO1805866,A0657,3500.7984
20181120,NO1805265,A1306,6020.84
20181120,NO1807487,A1085,3500.7984
20181120,NO1802284,A0861,4250.4
20181120,NO1801046,A1014,2514.26
20181120,NO1802697,A0632,314.2825
20181120,NO1804583,A0955,2450.55888
20181121,NO1805164,A0983,3500.7984
20181121,NO1804980,A1274,102.85
20181121,NO1805025,A1135,4200.95808
20181121,NO1802347,A0383,3316.91808
20181121,NO1803681,A0761,2450.55888
20181121,NO1807889,A1337,1257.13
20181121,NO1800458,A0607,164.56
20181121,NO1806682,A1162,314.2825
20181121,NO1805645,A1416,12766.716
20181121,NO1808939,A1050,20243.112
20181121,NO1804565,A0673,3342.24
20181121,NO1808181,A1202,2472.702
20181121,NO1800786,A0845,10111.2
20181121,NO1807510,A1212,3316.91808
20181121,NO1806509,A0684,10710.05184
20181121,NO1808063,A1311,247.2702
20181121,NO1803000,A0559,4200.95808
20181121,NO1805034,A0904,514.25
20181121,NO1804425,A0877,17946.8784
20181121,NO1809291,A1027,3316.91808
20181121,NO1802437,A1334,6020.84
20181121,NO1804879,A0881,4214.588
20181122,NO1803625,A1083,514.25
20181122,NO1801792,A0390,10710.05184
20181122,NO1801405,A1305,2673.792
20181122,NO1807860,A1085,514.25
20181122,NO1805109,A1037,2450.55888
20181122,NO1808373,A0635,2450.55888
20181122,NO1807099,A0541,2365.44
20181122,NO1805582,A0786,4250.4
20181122,NO1807931,A1313,2514.26
20181122,NO1805244,A0781,2472.702
20181122,NO1800219,A1360,4250.4
20181122,NO1803193,A0710,4738.4544
20181122,NO1805664,A1103,1236.351
20181123,NO1800557,A0456,4214.588
20181123,NO1801201,A0681,494.5404
20181123,NO1808580,A0444,314.2825
20181123,NO1806834,A0474,3342.24
20181123,NO1805187,A0708,8032.53888
20181123,NO1800056,A1226,1461.4776
20181123,NO1801836,A0977,628.565
20181123,NO1805766,A0897,1236.351
20181123,NO1802829,A1307,3500.7984
20181123,NO1800732,A0472,2450.55888
20181123,NO1808694,A0821,102.85
20181123,NO1801034,A0802,2673.792
20181123,NO1807713,A0798,1257.13
20181123,NO1805576,A0893,1461.4776
20181123,NO1804225,A1413,2365.44
20181123,NO1807482,A1265,2673.792
20181123,NO1806035,A0496,3316.91808
20181123,NO1804383,A0944,4456.32
20181126,NO1801820,A1333,6020.84
20181126,NO1803115,A0478,2472.702
20181126,NO1802581,A0670,3500.7984
20181126,NO1802696,A1381,3142.825
20181126,NO1804305,A0887,514.25
20181126,NO1809059,A0529,1571.4125
20181126,NO1809259,A1228,4200.95808
20181126,NO1801943,A0630,2472.702
20181126,NO1800693,A1020,514.25
20181126,NO1808402,A1232,10710.05184
20181126,NO1808670,A0610,182.6847
20181126,NO1808613,A0963,5686.14528
20181126,NO1807354,A0467,1257.13
20181126,NO1801338,A1185,182.6847
20181126,NO1801725,A1230,4200.95808
20181126,NO1800701,A0903,164.56
20181126,NO1808155,A0761,164.56
20181127,NO1803403,A0965,10710.05184
20181127,NO1800371,A0464,2673.792
20181127,NO1801204,A0496,5934.48768
20181127,NO1805800,A1279,1257.13
20181127,NO1803015,A0393,12766.716
20181127,NO1806375,A0421,1257.13
20181127,NO1808302,A0797,4200.95808
20181127,NO1802786,A1101,3142.825
20181127,NO1807040,A1139,3500.7984
20181127,NO1801226,A1274,1236.351
20181127,NO1806664,A0627,3500.7984
20181127,NO1807137,A1362,2450.55888
20181127,NO1804579,A0616,3316.91808
20181127,NO1809134,A0935,1571.4125
20181127,NO1805127,A0873,6020.84
20181127,NO1803533,A0761,6020.84
20181127,NO1808990,A0515,3500.7984
20181127,NO1801958,A1260,8032.53888
20181128,NO1807413,A0393,3500.7984
20181128,NO1801687,A1152,30828.84
20181128,NO1808240,A0642,1257.13
20181128,NO1807974,A1135,205.7
20181128,NO1807453,A0556,82.28
20181128,NO1804432,A0499,1236.351
20181128,NO1807684,A0790,5313
20181128,NO1800618,A0506,6020.84
20181128,NO1806865,A0716,1236.351
20181128,NO1806325,A0582,1571.4125
20181128,NO1803725,A0690,2472.702
20181128,NO1801745,A0890,3342.24
20181128,NO1803458,A1159,9432.126
20181128,NO1808758,A0720,7225.008
20181128,NO1800509,A0607,1236.351
20181128,NO1807195,A1187,205.7
20181128,NO1807921,A1212,247.2702
20181128,NO1803952,A0937,10201.968
20181128,NO1803761,A1329,2472.702
20181128,NO1801440,A0694,3316.91808
20181129,NO1804320,A1211,24291.7344
20181129,NO1805499,A0798,16208.85
20181129,NO1803499,A0773,3500.7984
20181129,NO1808752,A1296,5313
20181129,NO1803590,A1142,2514.26
20181129,NO1800702,A0641,30828.84
20181129,NO1809289,A0632,25690.7
20181129,NO1808117,A0798,3500.7984
20181129,NO1804145,A1343,6740.8
20181129,NO1807384,A1116,5686.14528
20181129,NO1806705,A0529,1257.13
20181129,NO1805515,A0884,2514.26
20181129,NO1800682,A1381,5313
20181129,NO1803295,A0673,2450.55888
20181129,NO1803779,A0452,5686.14528
20181129,NO1802619,A0415,1571.4125
20181129,NO1800657,A0681,2365.44
20181130,NO1804770,A0727,3316.91808
20181130,NO1801822,A1144,5934.48768
20181130,NO1806484,A1397,8426
20181130,NO1800110,A0760,1257.13
20181130,NO1802179,A0745,10710.05184
20181130,NO1807878,A0557,4456.32
20181130,NO1808245,A1027,205.7
20181130,NO1805578,A1343,2450.55888
20181130,NO1804581,A0943,16208.85
20181130,NO1800766,A1146,1236.351
20181130,NO1800342,A0706,7225.008
20181130,NO1800439,A1208,3500.7984
20181130,NO1804302,A0530,3565.056
20181203,DE1808274,A0727,1257.13
20181203,DE1803741,A0852,4200.95808
20181203,DE1808071,A0897,2450.55888
20181203,DE1808040,A0884,4214.588
20181203,DE1807690,A1161,4200.95808
20181203,DE1802956,A0837,3316.91808
20181203,DE1806338,A0624,2365.44
20181203,DE1808710,A1271,2514.26
20181203,DE1802595,A0933,1571.4125
20181203,DE1806389,A1139,102.85
20181203,DE1801448,A1139,164.56
20181203,DE1806461,A0937,3500.7984
20181204,DE1800406,A0582,82.28
20181204,DE1802235,A1272,2450.55888
20181204,DE1807532,A0482,3316.91808
20181204,DE1807816,A0891,164.56
20181204,DE1805005,A1022,3342.24
20181204,DE1802536,A1035,1257.13
20181204,DE1806840,A0411,3500.7984
20181204,DE1804555,A0578,10710.05184
20181204,DE1801048,A1370,5686.14528
20181204,DE1807680,A1014,514.25
20181204,DE1800039,A1236,205.7
20181204,DE1800374,A1255,514.25
20181204,DE1807124,A1255,3342.24
20181204,DE1803379,A0684,3342.24
20181204,DE1801623,A0907,3342.24
20181205,DE1801238,A1412,6020.84
20181205,DE1802560,A0718,4456.32
20181205,DE1805579,A1094,20243.112
20181205,DE1808435,A0512,8088.96
20181205,DE1801701,A1240,82.28
20181205,DE1801686,A1270,5686.14528
20181205,DE1800919,A1302,1236.351
20181205,DE1805094,A0427,1461.4776
20181205,DE1808777,A0411,4214.588
20181205,DE1807410,A1319,25690.7
20181205,DE1801281,A0905,365.3694
20181205,DE1804038,A1388,1461.4776
20181205,DE1807000,A0842,7912.65024
20181205,DE1804128,A1036,1236.351
20181205,DE1807749,A1338,3316.91808
20181206,DE1808357,A0633,14955.732
20181206,DE1803986,A1067,3500.7984
20181206,DE1804131,A1239,1571.4125
20181206,DE1806958,A1151,1257.13
20181206,DE1807533,A0403,10201.968
20181206,DE1801305,A1050,2472.702
20181206,DE1802294,A1164,164.56
20181206,DE1804874,A0742,1236.351
20181206,DE1806844,A0965,4214.588
20181206,DE1806501,A1360,2450.55888
20181207,DE1807489,A0445,3500.7984
20181207,DE1807823,A0791,12766.716
20181207,DE1802865,A1149,1571.4125
20181207,DE1803258,A0567,12766.716
20181207,DE1806709,A0523,3500.7984
20181207,DE1802025,A1092,1571.4125
20181207,DE1800712,A0879,2514.26
20181207,DE1807946,A0953,6740.8
20181207,DE1806311,A0798,4200.95808
20181207,DE1808695,A0847,7225.008
20181207,DE1807442,A0887,82.28
20181207,DE1806155,A0897,1571.4125
20181207,DE1800491,A0375,1461.4776
20181210,DE1808088,A1228,1461.4776
20181210,DE1806717,A0959,182.6847
20181210,DE1801445,A1411,3500.7984
20181210,DE1803580,A1365,3500.7984
20181210,DE1806497,A0879,6020.84
20181210,DE1808204,A1162,5686.14528
20181210,DE1805523,A1215,5686.14528
20181210,DE1807512,A1159,2673.792
20181210,DE1802488,A0903,1257.13
20181210,DE1804090,A0720,2514.26
20181210,DE1802090,A0514,5686.14528
20181210,DE1802716,A1307,10201.968
20181210,DE1804056,A1226,3316.91808
20181210,DE1804276,A0429,9432.126
20181210,DE1804396,A0607,1257.13
20181210,DE1806913,A0881,4738.4544
20181210,DE1808662,A1204,102.85
20181210,DE1803816,A0949,3142.825
20181210,DE1802072,A1406,8088.96
20181210,DE1804282,A1193,1236.351
20181211,DE1808055,A0522,5934.48768
20181211,DE1806627,A1197,2514.26
20181211,DE1807523,A0443,2365.44
20181211,DE1806591,A0357,2365.44
20181211,DE1804391,A1187,1571.4125
20181211,DE1800700,A0547,8426
20181211,DE1804469,A1139,4214.588
20181211,DE1800311,A1216,3142.825
20181211,DE1808669,A0632,1461.4776
20181211,DE1801465,A1237,3316.91808
20181211,DE1808287,A0681,3316.91808
20181211,DE1804560,A0603,1461.4776
20181211,DE1808033,A0353,82.28
20181211,DE1806473,A0387,514.25
20181212,DE1803024,A0458,2365.44
20181212,DE1801594,A0994,8426
20181212,DE1801175,A1340,4250.4
20181212,DE1803319,A0541,4214.588
20181212,DE1801320,A0884,3500.7984
20181212,DE1804947,A0746,1236.351
20181212,DE1806871,A0838,1257.13
20181212,DE1807574,A1030,4200.95808
20181212,DE1804268,A0438,8032.53888
20181212,DE1807488,A0630,2514.26
20181212,DE1800716,A0471,3565.056
20181212,DE1808728,A1164,3565.056
20181212,DE1808244,A0630,5313
20181212,DE1804819,A0593,2472.702
20181212,DE1804986,A0945,10201.968
20181212,DE1806536,A0693,5934.48768
20181212,DE1806852,A0990,2472.702
20181212,DE1802042,A1390,2450.55888
20181213,DE1806900,A0762,4738.4544
20181213,DE1804195,A0916,2514.26
20181213,DE1800684,A1387,164.56
20181213,DE1802906,A0545,247.2702
20181213,DE1806565,A0611,3565.056
20181213,DE1802676,A0932,8426
20181213,DE1805695,A0757,7225.008
20181213,DE1801209,A0706,7225.008
20181213,DE1806655,A0369,4456.32
20181213,DE1807960,A0531,3142.825
20181213,DE1802905,A0988,2472.702
20181213,DE1808434,A0695,30828.84
20181213,DE1807240,A1412,4250.4
20181213,DE1804492,A1409,24291.7344
20181213,DE1807947,A0830,2450.55888
20181213,DE1802574,A1410,4250.4
20181213,DE1804882,A1316,365.3694
20181214,DE1807775,A0884,3342.24
20181214,DE1801474,A0702,3142.825
20181214,DE1808533,A1101,8088.96
20181214,DE1805658,A1323,3500.7984
20181214,DE1804242,A0942,2365.44
20181214,DE1803646,A0892,2514.26
20181214,DE1806434,A1299,3316.91808
20181214,DE1801886,A0578,3316.91808
20181214,DE1809272,A0852,10710.05184
20181214,DE1808346,A1072,1571.4125
20181214,DE1801816,A0477,3565.056
20181214,DE1805653,A0539,1257.13
20181214,DE1802876,A0977,17946.8784
20181214,DE1807239,A0493,82.28
20181217,DE1804033,A1120,2472.702
20181217,DE1806002,A0548,7225.008
20181217,DE1801456,A0834,1461.4776
20181217,DE1806268,A1212,1236.351
20181217,DE1809149,A0887,24291.7344
20181217,DE1800048,A1343,1461.4776
20181217,DE1809290,A0945,1257.13
20181217,DE1805373,A0952,3316.91808
20181217,DE1801593,A0930,6020.84
20181217,DE1803449,A0861,1236.351
20181217,DE1808218,A1370,20243.112
20181217,DE1803083,A1230,3142.825
20181217,DE1801512,A1409,6740.8
20181217,DE1801176,A1299,1571.4125
20181217,DE1807451,A1169,4200.95808
20181217,DE1805592,A1095,7225.008
20181217,DE1801277,A0369,514.25
20181217,DE1806905,A0952,3500.7984
20181218,DE1802043,A0934,3342.24
20181218,DE1808540,A0497,5313
20181218,DE1804052,A0512,82.28
20181218,DE1809231,A0801,6020.84
20181218,DE1801087,A0585,16208.85
20181218,DE1803903,A0615,3316.91808
20181218,DE1807088,A0697,3342.24
20181218,DE1802140,A0809,1461.4776
20181218,DE1804779,A1406,4214.588
20181218,DE1805059,A0574,2365.44
20181218,DE1807285,A0993,1571.4125
20181218,DE1800761,A0436,3342.24
20181218,DE1801852,A0559,4214.588
20181218,DE1807638,A0963,24291.7344
20181218,DE1808538,A0892,3500.7984
20181218,DE1802690,A0811,8426
20181218,DE1805375,A1387,5686.14528
20181218,DE1807958,A1290,2472.702
20181218,DE1803082,A0861,4250.4
20181218,DE1805952,A0934,7225.008
20181218,DE1808902,A1320,4456.32
20181219,DE1805220,A0464,2673.792
20181219,DE1805832,A1153,7225.008
20181219,DE1801198,A0887,628.565
20181219,DE1800492,A1257,5313
20181219,DE1802910,A0688,1571.4125
20181219,DE1807726,A0387,2472.702
20181219,DE1804527,A0399,514.25
20181219,DE1802082,A0795,514.25
20181219,DE1801133,A0408,3342.24
20181219,DE1803871,A0610,4738.4544
20181219,DE1807935,A1228,7225.008
20181219,DE1800360,A1410,4250.4
20181219,DE1808351,A0756,2472.702
20181219,DE1805198,A0385,1461.4776
20181220,DE1804799,A1221,1461.4776
20181220,DE1800409,A0826,8426
20181220,DE1804510,A0500,3565.056
20181220,DE1800731,A1265,102.85
20181220,DE1804169,A1057,2472.702
20181220,DE1803688,A0963,3500.7984
20181220,DE1801071,A1337,1571.4125
20181220,DE1806262,A1036,1236.351
20181220,DE1801981,A0593,1257.13
20181220,DE1801108,A0377,4456.32
20181220,DE1809253,A1280,2450.55888
20181220,DE1804974,A1137,1236.351
20181221,DE1807501,A1306,514.25
20181221,DE1808560,A1316,24291.7344
20181221,DE1808162,A0892,3565.056
20181221,DE1802172,A0880,164.56
20181221,DE1805451,A0753,4250.4
20181221,DE1802446,A1374,14955.732
20181221,DE1800874,A0763,6740.8
20181221,DE1802215,A1334,514.25
20181221,DE1808787,A1305,10710.05184
20181221,DE1805264,A1129,2472.702
20181221,DE1806019,A0659,102.85
20181221,DE1805222,A1413,4250.4
20181221,DE1807531,A0603,1571.4125
20181221,DE1806867,A0463,2673.792
20181221,DE1809323,A0630,1236.351
20181221,DE1801727,A0497,1257.13
20181221,DE1806023,A1142,182.6847
20181224,DE1806252,A1309,4200.95808
20181224,DE1808006,A1018,2673.792
20181224,DE1804468,A0370,628.565
20181224,DE1806787,A0847,182.6847
20181224,DE1807259,A0897,2472.702
20181224,DE1805754,A0616,2673.792
20181224,DE1803429,A1265,4250.4
20181224,DE1801895,A0949,365.3694
20181224,DE1806989,A0962,2472.702
20181224,DE1807374,A0871,514.25
20181225,DE1802802,A0815,514.25
20181225,DE1800291,A1038,182.6847
20181225,DE1808525,A1361,514.25
20181225,DE1807127,A1193,6020.84
20181225,DE1802856,A1027,1461.4776
20181225,DE1806544,A1161,1236.351
20181225,DE1806892,A0977,1571.4125
20181225,DE1806203,A0641,8426
20181225,DE1806157,A0473,1461.4776
20181225,DE1806753,A0414,3142.825
20181225,DE1802209,A0470,1461.4776
20181225,DE1805142,A0657,2472.702
20181226,DE1807315,A1279,2514.26
20181226,DE1804154,A0627,1257.13
20181226,DE1801830,A0630,9432.126
20181226,DE1806362,A0478,628.565
20181226,DE1809174,A0795,2365.44
20181226,DE1804580,A0701,7225.008
20181226,DE1804926,A1349,3500.7984
20181226,DE1807383,A0657,1236.351
20181226,DE1804236,A1265,1461.4776
20181226,DE1804436,A0505,2450.55888
20181226,DE1806053,A1144,2472.702
20181226,DE1806535,A1228,2365.44
20181226,DE1807199,A0569,182.6847
20181226,DE1807724,A0428,3500.7984
20181226,DE1801691,A1232,3565.056
20181226,DE1801089,A1036,10710.05184
20181226,DE1806601,A0552,3142.825
20181226,DE1807117,A1255,6020.84
20181227,DE1801785,A1100,4738.4544
20181227,DE1804897,A1373,182.6847
20181227,DE1803022,A0363,2472.702
20181227,DE1804301,A0693,1571.4125
20181227,DE1807303,A0528,494.5404
20181227,DE1805289,A1181,1257.13
20181227,DE1807836,A1236,17946.8784
20181227,DE1809368,A1193,514.25
20181227,DE1805699,A0627,1571.4125
20181227,DE1804536,A1260,2365.44
20181227,DE1806507,A0718,2472.702
20181227,DE1804943,A1176,4200.95808
20181227,DE1805573,A0583,10710.05184
20181228,DE1808992,A0615,10111.2
20181228,DE1801626,A0554,1236.351
20181228,DE1805821,A0725,4200.95808
20181228,DE1805875,A1144,514.25
20181228,DE1803076,A0836,4456.32
20181228,DE1803927,A0438,494.5404
20181228,DE1800585,A0862,514.25
20181228,DE1802354,A0795,2472.702
20181228,DE1802777,A0933,1236.351
20181228,DE1805867,A1110,8032.53888
20181228,DE1806857,A0836,3142.825
20181228,DE1802776,A1271,7225.008
20181228,DE1801021,A0853,3142.825
20181228,DE1807721,A0522,9432.126
20181228,DE1805379,A1000,3142.825
20181228,DE1805650,A1038,1571.4125
20181228,DE1805247,A0655,1461.4776
20181231,DE1801832,A1360,2450.55888
20181231,DE1801235,A1353,2450.55888
20181231,DE1807623,A1297,1571.4125
20181231,DE1808002,A0741,4738.4544
20181231,DE1807913,A0841,1236.351
20181231,DE1803512,A1018,514.25
20181231,DE1803333,A1416,314.2825
20181231,DE1808334,A1204,6740.8
20181231,DE1807149,A1030,4200.95808
20181231,DE1807703,A1297,2365.44
20181231,DE1807252,A0641,2450.55888
20181231,DE1800375,A0371,5313
20181231,DE1802228,A1007,4214.588
20181231,DE1808510,A1065,4456.32
20181231,DE1804085,A1329,7225.008
20181231,DE1803865,A0826,6020.84
20190101,JA1905735,A0561,3316.91808
20190101,JA1901240,A1382,2365.44
20190101,JA1906441,A0610,4214.588
20190101,JA1901056,A0747,7912.65024
20190101,JA1906860,A1217,1461.4776
20190101,JA1906080,A0774,25690.7
20190101,JA1907833,A1255,4738.4544
20190101,JA1900519,A0707,1571.4125
20190101,JA1909141,A0707,1257.13
20190101,JA1906148,A0515,2365.44
20190101,JA1902257,A1181,2472.702
20190101,JA1905334,A1062,1257.13
20190102,JA1904456,A0785,7225.008
20190102,JA1905084,A0922,2472.702
20190102,JA1908815,A0738,3500.7984
20190104,JA1903532,A0632,2365.44
20190104,JA1902149,A1036,6020.84
20190104,JA1907784,A1057,205.7
